#
# There is insufficient memory for the Java Runtime Environment to continue.
# Native memory allocation (malloc) failed to allocate 1855856 bytes for Chunk::new
# Possible reasons:
#   The system is out of physical RAM or swap space
#   The process is running with CompressedOops enabled, and the Java Heap may be blocking the growth of the native heap
# Possible solutions:
#   Reduce memory load on the system
#   Increase physical memory or swap space
#   Check if swap backing store is full
#   Decrease Java heap size (-Xmx/-Xms)
#   Decrease number of Java threads
#   Decrease Java thread stack sizes (-Xss)
#   Set larger code cache with -XX:ReservedCodeCacheSize=
#   JVM is running with Unscaled Compressed Oops mode in which the Java heap is
#     placed in the first 4GB address space. The Java Heap base address is the
#     maximum limit for the native heap growth. Please use -XX:HeapBaseMinAddress
#     to set the Java Heap base and to place the Java Heap above 4GB virtual address.
# This output file may be truncated or incomplete.
#
#  Out of Memory Error (arena.cpp:189), pid=50772, tid=45720
#
# JRE version: OpenJDK Runtime Environment (17.0+35) (build 17+35-2724)
# Java VM: OpenJDK 64-Bit Server VM (17+35-2724, mixed mode, sharing, tiered, compressed oops, compressed class ptrs, g1 gc, windows-amd64)
# No core dump will be written. Minidumps are not enabled by default on client versions of Windows
#

---------------  S U M M A R Y ------------

Command Line: --add-opens=java.base/java.util=ALL-UNNAMED --add-opens=java.base/java.lang=ALL-UNNAMED --add-opens=java.base/java.lang.invoke=ALL-UNNAMED --add-opens=java.prefs/java.util.prefs=ALL-UNNAMED --add-opens=java.base/java.nio.charset=ALL-UNNAMED --add-opens=java.base/java.net=ALL-UNNAMED --add-opens=java.base/java.util.concurrent.atomic=ALL-UNNAMED -Xmx2048m -Dfile.encoding=UTF-8 -Duser.country=US -Duser.language=en -Duser.variant org.gradle.launcher.daemon.bootstrap.GradleDaemon 8.0

Host: AMD Ryzen 7 5800H with Radeon Graphics         , 16 cores, 15G,  Windows 10 , 64 bit Build 26100 (10.0.26100.8875)
Time: Fri Aug  7 14:43:03 2026 SE Asia Standard Time elapsed time: 20.485629 seconds (0d 0h 0m 20s)

---------------  T H R E A D  ---------------

Current thread (0x000001ea18909ca0):  JavaThread "C2 CompilerThread0" daemon [_thread_in_native, id=45720, stack(0x0000001b9b200000,0x0000001b9b300000)]


Current CompileTask:
C2:  20485 12779       4       org.objectweb.asm.Frame::execute (2318 bytes)

Stack: [0x0000001b9b200000,0x0000001b9b300000]
Native frames: (J=compiled Java code, j=interpreted, Vv=VM code, C=native code)
V  [jvm.dll+0x66f8ea]
V  [jvm.dll+0x7ce224]
V  [jvm.dll+0x7cf9ce]
V  [jvm.dll+0x7d0033]
V  [jvm.dll+0x242bb5]
V  [jvm.dll+0xaa05b]
V  [jvm.dll+0xaa5ec]
V  [jvm.dll+0x35f9a2]
V  [jvm.dll+0x329f61]
V  [jvm.dll+0x32940a]
V  [jvm.dll+0x215ca1]
V  [jvm.dll+0x2150c1]
V  [jvm.dll+0x1a168d]
V  [jvm.dll+0x2248f8]
V  [jvm.dll+0x222a5c]
V  [jvm.dll+0x78422b]
V  [jvm.dll+0x77e7ea]
V  [jvm.dll+0x66e715]
C  [ucrtbase.dll+0x2cd30]
C  [KERNEL32.DLL+0x2e957]
C  [ntdll.dll+0xaad6c]


---------------  P R O C E S S  ---------------

Threads class SMR info:
_java_thread_list=0x000001ea2d0afc00, length=204, elements={
0x000001ea77bd4270, 0x000001ea194439a0, 0x000001ea188f31f0, 0x000001ea189055b0,
0x000001ea18907e80, 0x000001ea18908740, 0x000001ea18909000, 0x000001ea18909ca0,
0x000001ea19453f90, 0x000001ea1945d060, 0x000001ea19579050, 0x000001ea1959a060,
0x000001ea1959c540, 0x000001ea1ae8b1e0, 0x000001ea1b20f630, 0x000001ea1a8eead0,
0x000001ea1af5b870, 0x000001ea1abda750, 0x000001ea1ac7ca10, 0x000001ea1af20440,
0x000001ea1a60e7b0, 0x000001ea1a60cfa0, 0x000001ea1a60ec80, 0x000001ea1a610490,
0x000001ea1a60ffc0, 0x000001ea1a60d940, 0x000001ea1a60faf0, 0x000001ea1a60e2e0,
0x000001ea1a60f150, 0x000001ea1a60f620, 0x000001ea1a60cad0, 0x000001ea1d0e9a30,
0x000001ea1d0e9f00, 0x000001ea1d0ead70, 0x000001ea1d0e8bc0, 0x000001ea1d0e7d50,
0x000001ea1d0eb240, 0x000001ea1d0ea3d0, 0x000001ea1d0eb710, 0x000001ea1d0ec0b0,
0x000001ea1d0e86f0, 0x000001ea1d0ec580, 0x000001ea1d0eca50, 0x000001ea1d0e9090,
0x000001ea1d0ecf20, 0x000001ea1d0ed3f0, 0x000001ea1d0ed8c0, 0x000001ea1d0edd90,
0x000001ea1d0ee260, 0x000001ea1d0ee730, 0x000001ea2a46e0c0, 0x000001ea1b990ba0,
0x000001ea1b9923b0, 0x000001ea1b98fd30, 0x000001ea1b990200, 0x000001ea1d0eec00,
0x000001ea2a90a540, 0x000001ea2a90a070, 0x000001ea2a90c6f0, 0x000001ea2a90d090,
0x000001ea2a90e3d0, 0x000001ea2a90b880, 0x000001ea2a90cbc0, 0x000001ea2a90df00,
0x000001ea2a90bd50, 0x000001ea2a90c220, 0x000001ea2a90aa10, 0x000001ea2a90d560,
0x000001ea2a90da30, 0x000001ea2a90e8a0, 0x000001ea2a90aee0, 0x000001ea2a90ed70,
0x000001ea2a90b3b0, 0x000001ea2a910580, 0x000001ea2a90f240, 0x000001ea2a90f710,
0x000001ea2a90fbe0, 0x000001ea2a9100b0, 0x000001ea2a910a50, 0x000001ea2a910f20,
0x000001ea2a9113f0, 0x000001ea2a9118c0, 0x000001ea1cd95a60, 0x000001ea1cd985b0,
0x000001ea1cd95f30, 0x000001ea1cd96da0, 0x000001ea1cd97c10, 0x000001ea1cd97270,
0x000001ea1cd980e0, 0x000001ea1cd95590, 0x000001ea1cd98a80, 0x000001ea1cd98f50,
0x000001ea1cd99dc0, 0x000001ea1cd96400, 0x000001ea1cd9a290, 0x000001ea1cd99420,
0x000001ea1cd998f0, 0x000001ea1cd968d0, 0x000001ea1cd9a760, 0x000001ea1cd9ac30,
0x000001ea1cd9b100, 0x000001ea1cd97740, 0x000001ea1cd9b5d0, 0x000001ea1cd9cde0,
0x000001ea1cd9c440, 0x000001ea1cd9baa0, 0x000001ea1cd9bf70, 0x000001ea1cd9c910,
0x000001ea1a3554c0, 0x000001ea1a354ff0, 0x000001ea1a356330, 0x000001ea1a355990,
0x000001ea1a355e60, 0x000001ea1a353cb0, 0x000001ea1a354180, 0x000001ea1a3537e0,
0x000001ea1a356800, 0x000001ea1a356cd0, 0x000001ea1a357b40, 0x000001ea1a358010,
0x000001ea1a3571a0, 0x000001ea1a357670, 0x000001ea1a354650, 0x000001ea1a3584e0,
0x000001ea1a354b20, 0x000001ea1a3589b0, 0x000001ea1a359350, 0x000001ea1a358e80,
0x000001ea1a35ab60, 0x000001ea1a359820, 0x000001ea1a359cf0, 0x000001ea1a35b030,
0x000001ea1a35a1c0, 0x000001ea1a35a690, 0x000001ea2ae71660, 0x000001ea2ae741b0,
0x000001ea2ae71b30, 0x000001ea2ae72e70, 0x000001ea2ae72000, 0x000001ea2ae724d0,
0x000001ea2ae729a0, 0x000001ea2ae74b50, 0x000001ea2ae71190, 0x000001ea2ae73340,
0x000001ea2ae73810, 0x000001ea2ae74680, 0x000001ea2aa7e560, 0x000001ea2aa80240,
0x000001ea2aa7f8a0, 0x000001ea2aa7fd70, 0x000001ea2aa7ef00, 0x000001ea2aa80be0,
0x000001ea2aa7f3d0, 0x000001ea2aa80710, 0x000001ea2aa810b0, 0x000001ea2aa81580,
0x000001ea2aa81a50, 0x000001ea2aa7e090, 0x000001ea2aa81f20, 0x000001ea2aa823f0,
0x000001ea2aa7ea30, 0x000001ea2aa840d0, 0x000001ea2aa84f40, 0x000001ea2aa845a0,
0x000001ea2aa828c0, 0x000001ea2aa82d90, 0x000001ea2aa83260, 0x000001ea2aa83730,
0x000001ea2aa84a70, 0x000001ea2aa858e0, 0x000001ea2aa85410, 0x000001ea2aa83c00,
0x000001ea2ae73ce0, 0x000001ea2ae7e6d0, 0x000001ea2ae81220, 0x000001ea2ae7f070,
0x000001ea2ae7eba0, 0x000001ea2ae7f540, 0x000001ea2ae80d50, 0x000001ea2ae7fa10,
0x000001ea2ae7fee0, 0x000001ea2ae803b0, 0x000001ea2ae80880, 0x000001ea2ae7dd30,
0x000001ea2ae7d860, 0x000001ea2ae816f0, 0x000001ea2ae81bc0, 0x000001ea2ae7e200,
0x000001ea2ae838a0, 0x000001ea2ae84240, 0x000001ea2ae83d70, 0x000001ea2ae84710,
0x000001ea2ae84be0, 0x000001ea2ae850b0, 0x000001ea2ae82090, 0x000001ea2ae82560,
0x000001ea2ae82a30, 0x000001ea2ae82f00, 0x000001ea2ae833d0, 0x000001ea2abd9b00,
0x000001ea2abda970, 0x000001ea2abd87c0, 0x000001ea2abd7480, 0x000001ea2abd9fd0
}

Java Threads: ( => current thread )
  0x000001ea77bd4270 JavaThread "main" [_thread_blocked, id=42204, stack(0x0000001b9a500000,0x0000001b9a600000)]
  0x000001ea194439a0 JavaThread "Reference Handler" daemon [_thread_blocked, id=63984, stack(0x0000001b9ac00000,0x0000001b9ad00000)]
  0x000001ea188f31f0 JavaThread "Finalizer" daemon [_thread_blocked, id=28072, stack(0x0000001b9ad00000,0x0000001b9ae00000)]
  0x000001ea189055b0 JavaThread "Signal Dispatcher" daemon [_thread_blocked, id=34632, stack(0x0000001b9ae00000,0x0000001b9af00000)]
  0x000001ea18907e80 JavaThread "Attach Listener" daemon [_thread_blocked, id=54712, stack(0x0000001b9af00000,0x0000001b9b000000)]
  0x000001ea18908740 JavaThread "Service Thread" daemon [_thread_blocked, id=49028, stack(0x0000001b9b000000,0x0000001b9b100000)]
  0x000001ea18909000 JavaThread "Monitor Deflation Thread" daemon [_thread_blocked, id=60436, stack(0x0000001b9b100000,0x0000001b9b200000)]
=>0x000001ea18909ca0 JavaThread "C2 CompilerThread0" daemon [_thread_in_native, id=45720, stack(0x0000001b9b200000,0x0000001b9b300000)]
  0x000001ea19453f90 JavaThread "C1 CompilerThread0" daemon [_thread_blocked, id=12616, stack(0x0000001b9b300000,0x0000001b9b400000)]
  0x000001ea1945d060 JavaThread "Sweeper thread" daemon [_thread_blocked, id=19884, stack(0x0000001b9b400000,0x0000001b9b500000)]
  0x000001ea19579050 JavaThread "C1 CompilerThread1" daemon [_thread_blocked, id=48216, stack(0x0000001b9b500000,0x0000001b9b600000)]
  0x000001ea1959a060 JavaThread "Common-Cleaner" daemon [_thread_blocked, id=32524, stack(0x0000001b9b600000,0x0000001b9b700000)]
  0x000001ea1959c540 JavaThread "Notification Thread" daemon [_thread_blocked, id=29356, stack(0x0000001b9b700000,0x0000001b9b800000)]
  0x000001ea1ae8b1e0 JavaThread "Daemon health stats" [_thread_blocked, id=39960, stack(0x0000001b9bd00000,0x0000001b9be00000)]
  0x000001ea1b20f630 JavaThread "Incoming local TCP Connector on port 63252" [_thread_in_native, id=41244, stack(0x0000001b9be00000,0x0000001b9bf00000)]
  0x000001ea1a8eead0 JavaThread "Daemon periodic checks" [_thread_blocked, id=52072, stack(0x0000001b9bf00000,0x0000001b9c000000)]
  0x000001ea1af5b870 JavaThread "Daemon" [_thread_blocked, id=38688, stack(0x0000001b9c000000,0x0000001b9c100000)]
  0x000001ea1abda750 JavaThread "Handler for socket connection from /127.0.0.1:63252 to /127.0.0.1:63253" [_thread_in_native, id=3572, stack(0x0000001b9c100000,0x0000001b9c200000)]
  0x000001ea1ac7ca10 JavaThread "Cancel handler" [_thread_blocked, id=49392, stack(0x0000001b9c200000,0x0000001b9c300000)]
  0x000001ea1af20440 JavaThread "Daemon worker" [_thread_in_Java, id=25584, stack(0x0000001b9c300000,0x0000001b9c400000)]
  0x000001ea1a60e7b0 JavaThread "Asynchronous log dispatcher for DefaultDaemonConnection: socket connection from /127.0.0.1:63252 to /127.0.0.1:63253" [_thread_blocked, id=50652, stack(0x0000001b9c400000,0x0000001b9c500000)]
  0x000001ea1a60cfa0 JavaThread "Stdin handler" [_thread_blocked, id=32844, stack(0x0000001b9c500000,0x0000001b9c600000)]
  0x000001ea1a60ec80 JavaThread "Daemon client event forwarder" [_thread_in_native, id=41716, stack(0x0000001b9c600000,0x0000001b9c700000)]
  0x000001ea1a610490 JavaThread "Cache worker for journal cache (C:\Users\admin\.gradle\caches\journal-1)" [_thread_blocked, id=52712, stack(0x0000001b9c700000,0x0000001b9c800000)]
  0x000001ea1a60ffc0 JavaThread "File lock request listener" [_thread_in_native, id=41536, stack(0x0000001b9c800000,0x0000001b9c900000)]
  0x000001ea1a60d940 JavaThread "Cache worker for file hash cache (C:\Users\admin\.gradle\caches\8.0\fileHashes)" [_thread_blocked, id=10948, stack(0x0000001b9c900000,0x0000001b9ca00000)]
  0x000001ea1a60faf0 JavaThread "File watcher server" daemon [_thread_in_native, id=59836, stack(0x0000001b9ca00000,0x0000001b9cb00000)]
  0x000001ea1a60e2e0 JavaThread "File watcher consumer" daemon [_thread_blocked, id=14872, stack(0x0000001b9cb00000,0x0000001b9cc00000)]
  0x000001ea1a60f150 JavaThread "jar transforms" [_thread_blocked, id=10816, stack(0x0000001b9cc00000,0x0000001b9cd00000)]
  0x000001ea1a60f620 JavaThread "jar transforms Thread 2" [_thread_blocked, id=44176, stack(0x0000001b9cd00000,0x0000001b9ce00000)]
  0x000001ea1a60cad0 JavaThread "jar transforms Thread 3" [_thread_blocked, id=60336, stack(0x0000001b9ce00000,0x0000001b9cf00000)]
  0x000001ea1d0e9a30 JavaThread "Cache worker for checksums cache (D:\UE_5.8\Engine\Source\ThirdParty\vkquality\vkq_library\.gradle\8.0\checksums)" [_thread_blocked, id=74796, stack(0x0000001b9d900000,0x0000001b9da00000)]
  0x000001ea1d0e9f00 JavaThread "Cache worker for cache directory md-rule (C:\Users\admin\.gradle\caches\8.0\md-rule)" [_thread_blocked, id=532, stack(0x0000001b9da00000,0x0000001b9db00000)]
  0x000001ea1d0ead70 JavaThread "Cache worker for file content cache (C:\Users\admin\.gradle\caches\8.0\fileContent)" [_thread_blocked, id=70296, stack(0x0000001b9db00000,0x0000001b9dc00000)]
  0x000001ea1d0e8bc0 JavaThread "Cache worker for file hash cache (D:\UE_5.8\Engine\Source\ThirdParty\vkquality\vkq_library\.gradle\8.0\fileHashes)" [_thread_blocked, id=44608, stack(0x0000001b9dc00000,0x0000001b9dd00000)]
  0x000001ea1d0e7d50 JavaThread "Cache worker for cache directory md-supplier (C:\Users\admin\.gradle\caches\8.0\md-supplier)" [_thread_blocked, id=44132, stack(0x0000001b9dd00000,0x0000001b9de00000)]
  0x000001ea1d0eb240 JavaThread "Cache worker for execution history cache (C:\Users\admin\.gradle\caches\8.0\executionHistory)" [_thread_blocked, id=70468, stack(0x0000001b9de00000,0x0000001b9df00000)]
  0x000001ea1d0ea3d0 JavaThread "jar transforms Thread 4" [_thread_blocked, id=42816, stack(0x0000001b9df00000,0x0000001b9e000000)]
  0x000001ea1d0eb710 JavaThread "jar transforms Thread 5" [_thread_blocked, id=56928, stack(0x0000001b9e000000,0x0000001b9e100000)]
  0x000001ea1d0ec0b0 JavaThread "jar transforms Thread 6" [_thread_blocked, id=28052, stack(0x0000001b9e100000,0x0000001b9e200000)]
  0x000001ea1d0e86f0 JavaThread "jar transforms Thread 7" [_thread_blocked, id=39576, stack(0x0000001b9e200000,0x0000001b9e300000)]
  0x000001ea1d0ec580 JavaThread "jar transforms Thread 8" [_thread_blocked, id=72024, stack(0x0000001b9e300000,0x0000001b9e400000)]
  0x000001ea1d0eca50 JavaThread "jar transforms Thread 9" [_thread_blocked, id=33372, stack(0x0000001b9e400000,0x0000001b9e500000)]
  0x000001ea1d0e9090 JavaThread "jar transforms Thread 10" [_thread_blocked, id=49644, stack(0x0000001b9e500000,0x0000001b9e600000)]
  0x000001ea1d0ecf20 JavaThread "jar transforms Thread 11" [_thread_blocked, id=8892, stack(0x0000001b9e600000,0x0000001b9e700000)]
  0x000001ea1d0ed3f0 JavaThread "jar transforms Thread 12" [_thread_blocked, id=58748, stack(0x0000001b9e700000,0x0000001b9e800000)]
  0x000001ea1d0ed8c0 JavaThread "jar transforms Thread 13" [_thread_blocked, id=41204, stack(0x0000001b9e800000,0x0000001b9e900000)]
  0x000001ea1d0edd90 JavaThread "jar transforms Thread 14" [_thread_blocked, id=76236, stack(0x0000001b9e900000,0x0000001b9ea00000)]
  0x000001ea1d0ee260 JavaThread "jar transforms Thread 15" [_thread_blocked, id=71864, stack(0x0000001b9ea00000,0x0000001b9eb00000)]
  0x000001ea1d0ee730 JavaThread "Cache worker for kotlin-dsl (C:\Users\admin\.gradle\caches\8.0\kotlin-dsl)" [_thread_blocked, id=26664, stack(0x0000001b9eb00000,0x0000001b9ec00000)]
  0x000001ea2a46e0c0 JavaThread "C1 CompilerThread2" daemon [_thread_blocked, id=46168, stack(0x0000001b9f400000,0x0000001b9f500000)]
  0x000001ea1b990ba0 JavaThread "jar transforms Thread 16" [_thread_blocked, id=17996, stack(0x0000001b9f500000,0x0000001b9f600000)]
  0x000001ea1b9923b0 JavaThread "Cache worker for dependencies-accessors (D:\UE_5.8\Engine\Source\ThirdParty\vkquality\vkq_library\.gradle\8.0\dependencies-accessors)" [_thread_blocked, id=51968, stack(0x0000001b9f600000,0x0000001b9f700000)]
  0x000001ea1b98fd30 JavaThread "Cache worker for Build Output Cleanup Cache (D:\UE_5.8\Engine\Source\ThirdParty\vkquality\vkq_library\.gradle\buildOutputCleanup)" [_thread_blocked, id=17280, stack(0x0000001b9f700000,0x0000001b9f800000)]
  0x000001ea1b990200 JavaThread "Unconstrained build operations" [_thread_blocked, id=45420, stack(0x0000001b9f900000,0x0000001b9fa00000)]
  0x000001ea1d0eec00 JavaThread "Unconstrained build operations Thread 2" [_thread_blocked, id=36004, stack(0x0000001b9fa00000,0x0000001b9fb00000)]
  0x000001ea2a90a540 JavaThread "Unconstrained build operations Thread 3" [_thread_blocked, id=47608, stack(0x0000001b9fb00000,0x0000001b9fc00000)]
  0x000001ea2a90a070 JavaThread "Unconstrained build operations Thread 4" [_thread_blocked, id=4108, stack(0x0000001b9fc00000,0x0000001b9fd00000)]
  0x000001ea2a90c6f0 JavaThread "Unconstrained build operations Thread 5" [_thread_blocked, id=67612, stack(0x0000001b9fd00000,0x0000001b9fe00000)]
  0x000001ea2a90d090 JavaThread "Unconstrained build operations Thread 6" [_thread_blocked, id=54876, stack(0x0000001b9fe00000,0x0000001b9ff00000)]
  0x000001ea2a90e3d0 JavaThread "Unconstrained build operations Thread 7" [_thread_blocked, id=33532, stack(0x0000001b9ff00000,0x0000001ba0000000)]
  0x000001ea2a90b880 JavaThread "Unconstrained build operations Thread 8" [_thread_blocked, id=18588, stack(0x0000001ba0000000,0x0000001ba0100000)]
  0x000001ea2a90cbc0 JavaThread "Unconstrained build operations Thread 9" [_thread_blocked, id=29584, stack(0x0000001ba0100000,0x0000001ba0200000)]
  0x000001ea2a90df00 JavaThread "Unconstrained build operations Thread 10" [_thread_blocked, id=76716, stack(0x0000001ba0200000,0x0000001ba0300000)]
  0x000001ea2a90bd50 JavaThread "Unconstrained build operations Thread 11" [_thread_blocked, id=64880, stack(0x0000001ba0300000,0x0000001ba0400000)]
  0x000001ea2a90c220 JavaThread "Unconstrained build operations Thread 12" [_thread_blocked, id=12900, stack(0x0000001ba0400000,0x0000001ba0500000)]
  0x000001ea2a90aa10 JavaThread "Unconstrained build operations Thread 13" [_thread_blocked, id=24172, stack(0x0000001ba0500000,0x0000001ba0600000)]
  0x000001ea2a90d560 JavaThread "Unconstrained build operations Thread 14" [_thread_blocked, id=48840, stack(0x0000001ba0600000,0x0000001ba0700000)]
  0x000001ea2a90da30 JavaThread "Unconstrained build operations Thread 15" [_thread_blocked, id=63836, stack(0x0000001ba0700000,0x0000001ba0800000)]
  0x000001ea2a90e8a0 JavaThread "Unconstrained build operations Thread 16" [_thread_blocked, id=51716, stack(0x0000001ba0800000,0x0000001ba0900000)]
  0x000001ea2a90aee0 JavaThread "Unconstrained build operations Thread 17" [_thread_blocked, id=74608, stack(0x0000001ba0900000,0x0000001ba0a00000)]
  0x000001ea2a90ed70 JavaThread "Unconstrained build operations Thread 18" [_thread_blocked, id=54324, stack(0x0000001ba0a00000,0x0000001ba0b00000)]
  0x000001ea2a90b3b0 JavaThread "Unconstrained build operations Thread 19" [_thread_blocked, id=54032, stack(0x0000001ba0b00000,0x0000001ba0c00000)]
  0x000001ea2a910580 JavaThread "Unconstrained build operations Thread 20" [_thread_blocked, id=472, stack(0x0000001ba0c00000,0x0000001ba0d00000)]
  0x000001ea2a90f240 JavaThread "Unconstrained build operations Thread 21" [_thread_blocked, id=3480, stack(0x0000001ba0d00000,0x0000001ba0e00000)]
  0x000001ea2a90f710 JavaThread "Unconstrained build operations Thread 22" [_thread_blocked, id=17188, stack(0x0000001ba0e00000,0x0000001ba0f00000)]
  0x000001ea2a90fbe0 JavaThread "Unconstrained build operations Thread 23" [_thread_blocked, id=21192, stack(0x0000001ba0f00000,0x0000001ba1000000)]
  0x000001ea2a9100b0 JavaThread "Unconstrained build operations Thread 24" [_thread_blocked, id=32540, stack(0x0000001ba1000000,0x0000001ba1100000)]
  0x000001ea2a910a50 JavaThread "Unconstrained build operations Thread 25" [_thread_blocked, id=16012, stack(0x0000001ba1100000,0x0000001ba1200000)]
  0x000001ea2a910f20 JavaThread "Unconstrained build operations Thread 26" [_thread_blocked, id=19256, stack(0x0000001ba1200000,0x0000001ba1300000)]
  0x000001ea2a9113f0 JavaThread "Unconstrained build operations Thread 27" [_thread_blocked, id=38164, stack(0x0000001ba1300000,0x0000001ba1400000)]
  0x000001ea2a9118c0 JavaThread "Unconstrained build operations Thread 28" [_thread_blocked, id=12076, stack(0x0000001ba1400000,0x0000001ba1500000)]
  0x000001ea1cd95a60 JavaThread "Unconstrained build operations Thread 29" [_thread_blocked, id=71392, stack(0x0000001ba1500000,0x0000001ba1600000)]
  0x000001ea1cd985b0 JavaThread "Unconstrained build operations Thread 30" [_thread_blocked, id=6448, stack(0x0000001ba1600000,0x0000001ba1700000)]
  0x000001ea1cd95f30 JavaThread "Unconstrained build operations Thread 31" [_thread_blocked, id=58292, stack(0x0000001ba1700000,0x0000001ba1800000)]
  0x000001ea1cd96da0 JavaThread "Unconstrained build operations Thread 32" [_thread_blocked, id=3148, stack(0x0000001ba1800000,0x0000001ba1900000)]
  0x000001ea1cd97c10 JavaThread "Unconstrained build operations Thread 33" [_thread_blocked, id=43200, stack(0x0000001ba1900000,0x0000001ba1a00000)]
  0x000001ea1cd97270 JavaThread "Unconstrained build operations Thread 34" [_thread_blocked, id=23880, stack(0x0000001ba1a00000,0x0000001ba1b00000)]
  0x000001ea1cd980e0 JavaThread "Unconstrained build operations Thread 35" [_thread_blocked, id=36404, stack(0x0000001ba1b00000,0x0000001ba1c00000)]
  0x000001ea1cd95590 JavaThread "Unconstrained build operations Thread 36" [_thread_blocked, id=35476, stack(0x0000001ba1c00000,0x0000001ba1d00000)]
  0x000001ea1cd98a80 JavaThread "Unconstrained build operations Thread 37" [_thread_blocked, id=20148, stack(0x0000001ba1d00000,0x0000001ba1e00000)]
  0x000001ea1cd98f50 JavaThread "Unconstrained build operations Thread 38" [_thread_blocked, id=41336, stack(0x0000001ba1e00000,0x0000001ba1f00000)]
  0x000001ea1cd99dc0 JavaThread "Unconstrained build operations Thread 39" [_thread_blocked, id=21816, stack(0x0000001ba1f00000,0x0000001ba2000000)]
  0x000001ea1cd96400 JavaThread "Unconstrained build operations Thread 40" [_thread_blocked, id=36128, stack(0x0000001ba2000000,0x0000001ba2100000)]
  0x000001ea1cd9a290 JavaThread "Unconstrained build operations Thread 41" [_thread_blocked, id=25188, stack(0x0000001ba2100000,0x0000001ba2200000)]
  0x000001ea1cd99420 JavaThread "Unconstrained build operations Thread 42" [_thread_blocked, id=52372, stack(0x0000001ba2200000,0x0000001ba2300000)]
  0x000001ea1cd998f0 JavaThread "Unconstrained build operations Thread 43" [_thread_blocked, id=23088, stack(0x0000001ba2300000,0x0000001ba2400000)]
  0x000001ea1cd968d0 JavaThread "Unconstrained build operations Thread 44" [_thread_blocked, id=41264, stack(0x0000001ba2400000,0x0000001ba2500000)]
  0x000001ea1cd9a760 JavaThread "Unconstrained build operations Thread 45" [_thread_blocked, id=28384, stack(0x0000001ba2500000,0x0000001ba2600000)]
  0x000001ea1cd9ac30 JavaThread "Unconstrained build operations Thread 46" [_thread_blocked, id=67420, stack(0x0000001ba2600000,0x0000001ba2700000)]
  0x000001ea1cd9b100 JavaThread "Unconstrained build operations Thread 47" [_thread_blocked, id=29388, stack(0x0000001ba2700000,0x0000001ba2800000)]
  0x000001ea1cd97740 JavaThread "Unconstrained build operations Thread 48" [_thread_blocked, id=59816, stack(0x0000001ba2800000,0x0000001ba2900000)]
  0x000001ea1cd9b5d0 JavaThread "Unconstrained build operations Thread 49" [_thread_blocked, id=17040, stack(0x0000001ba2900000,0x0000001ba2a00000)]
  0x000001ea1cd9cde0 JavaThread "Unconstrained build operations Thread 50" [_thread_blocked, id=66496, stack(0x0000001ba2a00000,0x0000001ba2b00000)]
  0x000001ea1cd9c440 JavaThread "Unconstrained build operations Thread 51" [_thread_blocked, id=11080, stack(0x0000001ba2b00000,0x0000001ba2c00000)]
  0x000001ea1cd9baa0 JavaThread "Unconstrained build operations Thread 52" [_thread_blocked, id=38272, stack(0x0000001ba2c00000,0x0000001ba2d00000)]
  0x000001ea1cd9bf70 JavaThread "Unconstrained build operations Thread 53" [_thread_blocked, id=49836, stack(0x0000001ba2d00000,0x0000001ba2e00000)]
  0x000001ea1cd9c910 JavaThread "Unconstrained build operations Thread 54" [_thread_blocked, id=39544, stack(0x0000001ba2e00000,0x0000001ba2f00000)]
  0x000001ea1a3554c0 JavaThread "Unconstrained build operations Thread 55" [_thread_blocked, id=15576, stack(0x0000001ba2f00000,0x0000001ba3000000)]
  0x000001ea1a354ff0 JavaThread "Unconstrained build operations Thread 56" [_thread_blocked, id=36068, stack(0x0000001ba3000000,0x0000001ba3100000)]
  0x000001ea1a356330 JavaThread "Unconstrained build operations Thread 57" [_thread_blocked, id=20376, stack(0x0000001ba3100000,0x0000001ba3200000)]
  0x000001ea1a355990 JavaThread "Unconstrained build operations Thread 58" [_thread_blocked, id=74620, stack(0x0000001ba3200000,0x0000001ba3300000)]
  0x000001ea1a355e60 JavaThread "Unconstrained build operations Thread 59" [_thread_blocked, id=10696, stack(0x0000001ba3300000,0x0000001ba3400000)]
  0x000001ea1a353cb0 JavaThread "Unconstrained build operations Thread 60" [_thread_blocked, id=33580, stack(0x0000001ba3400000,0x0000001ba3500000)]
  0x000001ea1a354180 JavaThread "Unconstrained build operations Thread 61" [_thread_blocked, id=69264, stack(0x0000001ba3500000,0x0000001ba3600000)]
  0x000001ea1a3537e0 JavaThread "Unconstrained build operations Thread 62" [_thread_blocked, id=70668, stack(0x0000001ba3600000,0x0000001ba3700000)]
  0x000001ea1a356800 JavaThread "Unconstrained build operations Thread 63" [_thread_blocked, id=41660, stack(0x0000001ba3700000,0x0000001ba3800000)]
  0x000001ea1a356cd0 JavaThread "Unconstrained build operations Thread 64" [_thread_blocked, id=15756, stack(0x0000001ba3800000,0x0000001ba3900000)]
  0x000001ea1a357b40 JavaThread "Unconstrained build operations Thread 65" [_thread_blocked, id=40352, stack(0x0000001ba3900000,0x0000001ba3a00000)]
  0x000001ea1a358010 JavaThread "Unconstrained build operations Thread 66" [_thread_blocked, id=56476, stack(0x0000001ba3a00000,0x0000001ba3b00000)]
  0x000001ea1a3571a0 JavaThread "Unconstrained build operations Thread 67" [_thread_blocked, id=21924, stack(0x0000001ba3b00000,0x0000001ba3c00000)]
  0x000001ea1a357670 JavaThread "Unconstrained build operations Thread 68" [_thread_blocked, id=51772, stack(0x0000001ba3c00000,0x0000001ba3d00000)]
  0x000001ea1a354650 JavaThread "Unconstrained build operations Thread 69" [_thread_blocked, id=10292, stack(0x0000001ba3d00000,0x0000001ba3e00000)]
  0x000001ea1a3584e0 JavaThread "Unconstrained build operations Thread 70" [_thread_blocked, id=54700, stack(0x0000001ba3e00000,0x0000001ba3f00000)]
  0x000001ea1a354b20 JavaThread "Unconstrained build operations Thread 71" [_thread_blocked, id=46340, stack(0x0000001ba3f00000,0x0000001ba4000000)]
  0x000001ea1a3589b0 JavaThread "Unconstrained build operations Thread 72" [_thread_blocked, id=48944, stack(0x0000001ba4000000,0x0000001ba4100000)]
  0x000001ea1a359350 JavaThread "Unconstrained build operations Thread 73" [_thread_blocked, id=40104, stack(0x0000001ba4100000,0x0000001ba4200000)]
  0x000001ea1a358e80 JavaThread "Unconstrained build operations Thread 74" [_thread_blocked, id=26460, stack(0x0000001ba4200000,0x0000001ba4300000)]
  0x000001ea1a35ab60 JavaThread "Unconstrained build operations Thread 75" [_thread_blocked, id=25384, stack(0x0000001ba4300000,0x0000001ba4400000)]
  0x000001ea1a359820 JavaThread "Unconstrained build operations Thread 76" [_thread_blocked, id=46616, stack(0x0000001ba4400000,0x0000001ba4500000)]
  0x000001ea1a359cf0 JavaThread "Unconstrained build operations Thread 77" [_thread_blocked, id=67048, stack(0x0000001ba4500000,0x0000001ba4600000)]
  0x000001ea1a35b030 JavaThread "Unconstrained build operations Thread 78" [_thread_blocked, id=35880, stack(0x0000001ba4600000,0x0000001ba4700000)]
  0x000001ea1a35a1c0 JavaThread "Unconstrained build operations Thread 79" [_thread_blocked, id=61020, stack(0x0000001ba4700000,0x0000001ba4800000)]
  0x000001ea1a35a690 JavaThread "Unconstrained build operations Thread 80" [_thread_blocked, id=42108, stack(0x0000001ba4800000,0x0000001ba4900000)]
  0x000001ea2ae71660 JavaThread "Unconstrained build operations Thread 81" [_thread_blocked, id=32496, stack(0x0000001ba4900000,0x0000001ba4a00000)]
  0x000001ea2ae741b0 JavaThread "Unconstrained build operations Thread 82" [_thread_blocked, id=38808, stack(0x0000001ba4a00000,0x0000001ba4b00000)]
  0x000001ea2ae71b30 JavaThread "Unconstrained build operations Thread 83" [_thread_blocked, id=8812, stack(0x0000001ba4b00000,0x0000001ba4c00000)]
  0x000001ea2ae72e70 JavaThread "Unconstrained build operations Thread 84" [_thread_blocked, id=60196, stack(0x0000001ba4c00000,0x0000001ba4d00000)]
  0x000001ea2ae72000 JavaThread "Unconstrained build operations Thread 85" [_thread_blocked, id=37652, stack(0x0000001ba4d00000,0x0000001ba4e00000)]
  0x000001ea2ae724d0 JavaThread "Unconstrained build operations Thread 86" [_thread_blocked, id=36424, stack(0x0000001ba4e00000,0x0000001ba4f00000)]
  0x000001ea2ae729a0 JavaThread "Unconstrained build operations Thread 87" [_thread_blocked, id=14364, stack(0x0000001ba4f00000,0x0000001ba5000000)]
  0x000001ea2ae74b50 JavaThread "Unconstrained build operations Thread 88" [_thread_blocked, id=70372, stack(0x0000001ba5000000,0x0000001ba5100000)]
  0x000001ea2ae71190 JavaThread "Unconstrained build operations Thread 89" [_thread_blocked, id=58192, stack(0x0000001ba5100000,0x0000001ba5200000)]
  0x000001ea2ae73340 JavaThread "Unconstrained build operations Thread 90" [_thread_blocked, id=72328, stack(0x0000001ba5200000,0x0000001ba5300000)]
  0x000001ea2ae73810 JavaThread "Unconstrained build operations Thread 91" [_thread_blocked, id=47204, stack(0x0000001ba5300000,0x0000001ba5400000)]
  0x000001ea2ae74680 JavaThread "Unconstrained build operations Thread 92" [_thread_blocked, id=45968, stack(0x0000001ba5400000,0x0000001ba5500000)]
  0x000001ea2aa7e560 JavaThread "Unconstrained build operations Thread 93" [_thread_blocked, id=46880, stack(0x0000001ba5500000,0x0000001ba5600000)]
  0x000001ea2aa80240 JavaThread "Unconstrained build operations Thread 94" [_thread_blocked, id=59436, stack(0x0000001ba5600000,0x0000001ba5700000)]
  0x000001ea2aa7f8a0 JavaThread "Unconstrained build operations Thread 95" [_thread_blocked, id=76060, stack(0x0000001ba5700000,0x0000001ba5800000)]
  0x000001ea2aa7fd70 JavaThread "Unconstrained build operations Thread 96" [_thread_blocked, id=42836, stack(0x0000001ba5800000,0x0000001ba5900000)]
  0x000001ea2aa7ef00 JavaThread "Unconstrained build operations Thread 97" [_thread_blocked, id=17500, stack(0x0000001ba5900000,0x0000001ba5a00000)]
  0x000001ea2aa80be0 JavaThread "Unconstrained build operations Thread 98" [_thread_blocked, id=75188, stack(0x0000001ba5a00000,0x0000001ba5b00000)]
  0x000001ea2aa7f3d0 JavaThread "Unconstrained build operations Thread 99" [_thread_blocked, id=52196, stack(0x0000001ba5b00000,0x0000001ba5c00000)]
  0x000001ea2aa80710 JavaThread "Unconstrained build operations Thread 100" [_thread_blocked, id=68232, stack(0x0000001ba5c00000,0x0000001ba5d00000)]
  0x000001ea2aa810b0 JavaThread "Unconstrained build operations Thread 101" [_thread_blocked, id=69140, stack(0x0000001ba5d00000,0x0000001ba5e00000)]
  0x000001ea2aa81580 JavaThread "Unconstrained build operations Thread 102" [_thread_blocked, id=53372, stack(0x0000001ba5e00000,0x0000001ba5f00000)]
  0x000001ea2aa81a50 JavaThread "Unconstrained build operations Thread 103" [_thread_blocked, id=75748, stack(0x0000001ba5f00000,0x0000001ba6000000)]
  0x000001ea2aa7e090 JavaThread "Unconstrained build operations Thread 104" [_thread_blocked, id=74628, stack(0x0000001ba6000000,0x0000001ba6100000)]
  0x000001ea2aa81f20 JavaThread "Unconstrained build operations Thread 105" [_thread_blocked, id=24920, stack(0x0000001ba6100000,0x0000001ba6200000)]
  0x000001ea2aa823f0 JavaThread "Unconstrained build operations Thread 106" [_thread_blocked, id=13908, stack(0x0000001ba6200000,0x0000001ba6300000)]
  0x000001ea2aa7ea30 JavaThread "Unconstrained build operations Thread 107" [_thread_blocked, id=52452, stack(0x0000001ba6300000,0x0000001ba6400000)]
  0x000001ea2aa840d0 JavaThread "Unconstrained build operations Thread 108" [_thread_blocked, id=29520, stack(0x0000001ba6400000,0x0000001ba6500000)]
  0x000001ea2aa84f40 JavaThread "Unconstrained build operations Thread 109" [_thread_blocked, id=77636, stack(0x0000001ba6500000,0x0000001ba6600000)]
  0x000001ea2aa845a0 JavaThread "Unconstrained build operations Thread 110" [_thread_blocked, id=74484, stack(0x0000001ba6600000,0x0000001ba6700000)]
  0x000001ea2aa828c0 JavaThread "Unconstrained build operations Thread 111" [_thread_blocked, id=17912, stack(0x0000001ba6700000,0x0000001ba6800000)]
  0x000001ea2aa82d90 JavaThread "Unconstrained build operations Thread 112" [_thread_blocked, id=19352, stack(0x0000001ba6800000,0x0000001ba6900000)]
  0x000001ea2aa83260 JavaThread "Unconstrained build operations Thread 113" [_thread_blocked, id=56184, stack(0x0000001ba6900000,0x0000001ba6a00000)]
  0x000001ea2aa83730 JavaThread "Unconstrained build operations Thread 114" [_thread_blocked, id=58900, stack(0x0000001ba6a00000,0x0000001ba6b00000)]
  0x000001ea2aa84a70 JavaThread "Unconstrained build operations Thread 115" [_thread_blocked, id=68176, stack(0x0000001ba6b00000,0x0000001ba6c00000)]
  0x000001ea2aa858e0 JavaThread "Unconstrained build operations Thread 116" [_thread_blocked, id=50464, stack(0x0000001ba6c00000,0x0000001ba6d00000)]
  0x000001ea2aa85410 JavaThread "Unconstrained build operations Thread 117" [_thread_blocked, id=71488, stack(0x0000001ba6d00000,0x0000001ba6e00000)]
  0x000001ea2aa83c00 JavaThread "Unconstrained build operations Thread 118" [_thread_blocked, id=36568, stack(0x0000001ba6e00000,0x0000001ba6f00000)]
  0x000001ea2ae73ce0 JavaThread "Unconstrained build operations Thread 119" [_thread_blocked, id=54280, stack(0x0000001ba6f00000,0x0000001ba7000000)]
  0x000001ea2ae7e6d0 JavaThread "Unconstrained build operations Thread 120" [_thread_blocked, id=37412, stack(0x0000001ba7000000,0x0000001ba7100000)]
  0x000001ea2ae81220 JavaThread "Unconstrained build operations Thread 121" [_thread_blocked, id=42612, stack(0x0000001ba7100000,0x0000001ba7200000)]
  0x000001ea2ae7f070 JavaThread "Unconstrained build operations Thread 122" [_thread_blocked, id=5588, stack(0x0000001ba7200000,0x0000001ba7300000)]
  0x000001ea2ae7eba0 JavaThread "Unconstrained build operations Thread 123" [_thread_blocked, id=23132, stack(0x0000001ba7300000,0x0000001ba7400000)]
  0x000001ea2ae7f540 JavaThread "Unconstrained build operations Thread 124" [_thread_blocked, id=6080, stack(0x0000001ba7400000,0x0000001ba7500000)]
  0x000001ea2ae80d50 JavaThread "Unconstrained build operations Thread 125" [_thread_blocked, id=53996, stack(0x0000001ba7500000,0x0000001ba7600000)]
  0x000001ea2ae7fa10 JavaThread "Unconstrained build operations Thread 126" [_thread_blocked, id=41792, stack(0x0000001ba7600000,0x0000001ba7700000)]
  0x000001ea2ae7fee0 JavaThread "Unconstrained build operations Thread 127" [_thread_blocked, id=30676, stack(0x0000001ba7700000,0x0000001ba7800000)]
  0x000001ea2ae803b0 JavaThread "Unconstrained build operations Thread 128" [_thread_blocked, id=27712, stack(0x0000001ba7800000,0x0000001ba7900000)]
  0x000001ea2ae80880 JavaThread "Unconstrained build operations Thread 129" [_thread_blocked, id=30428, stack(0x0000001ba7900000,0x0000001ba7a00000)]
  0x000001ea2ae7dd30 JavaThread "Unconstrained build operations Thread 130" [_thread_blocked, id=45860, stack(0x0000001ba7a00000,0x0000001ba7b00000)]
  0x000001ea2ae7d860 JavaThread "Unconstrained build operations Thread 131" [_thread_blocked, id=69228, stack(0x0000001ba7b00000,0x0000001ba7c00000)]
  0x000001ea2ae816f0 JavaThread "Unconstrained build operations Thread 132" [_thread_blocked, id=69380, stack(0x0000001ba7c00000,0x0000001ba7d00000)]
  0x000001ea2ae81bc0 JavaThread "Unconstrained build operations Thread 133" [_thread_blocked, id=63624, stack(0x0000001ba7d00000,0x0000001ba7e00000)]
  0x000001ea2ae7e200 JavaThread "Unconstrained build operations Thread 134" [_thread_blocked, id=50024, stack(0x0000001ba7e00000,0x0000001ba7f00000)]
  0x000001ea2ae838a0 JavaThread "Unconstrained build operations Thread 135" [_thread_blocked, id=66144, stack(0x0000001ba7f00000,0x0000001ba8000000)]
  0x000001ea2ae84240 JavaThread "Unconstrained build operations Thread 136" [_thread_blocked, id=39836, stack(0x0000001ba8000000,0x0000001ba8100000)]
  0x000001ea2ae83d70 JavaThread "Unconstrained build operations Thread 137" [_thread_blocked, id=15708, stack(0x0000001ba8100000,0x0000001ba8200000)]
  0x000001ea2ae84710 JavaThread "Unconstrained build operations Thread 138" [_thread_blocked, id=21060, stack(0x0000001ba8200000,0x0000001ba8300000)]
  0x000001ea2ae84be0 JavaThread "Unconstrained build operations Thread 139" [_thread_blocked, id=73944, stack(0x0000001ba8300000,0x0000001ba8400000)]
  0x000001ea2ae850b0 JavaThread "Unconstrained build operations Thread 140" [_thread_blocked, id=31780, stack(0x0000001ba8400000,0x0000001ba8500000)]
  0x000001ea2ae82090 JavaThread "Unconstrained build operations Thread 141" [_thread_blocked, id=604, stack(0x0000001ba8500000,0x0000001ba8600000)]
  0x000001ea2ae82560 JavaThread "Unconstrained build operations Thread 142" [_thread_blocked, id=71384, stack(0x0000001ba8600000,0x0000001ba8700000)]
  0x000001ea2ae82a30 JavaThread "Unconstrained build operations Thread 143" [_thread_blocked, id=72852, stack(0x0000001ba8700000,0x0000001ba8800000)]
  0x000001ea2ae82f00 JavaThread "Unconstrained build operations Thread 144" [_thread_blocked, id=15424, stack(0x0000001ba8800000,0x0000001ba8900000)]
  0x000001ea2ae833d0 JavaThread "Unconstrained build operations Thread 145" [_thread_blocked, id=18148, stack(0x0000001ba8900000,0x0000001ba8a00000)]
  0x000001ea2abd9b00 JavaThread "Unconstrained build operations Thread 146" [_thread_blocked, id=45080, stack(0x0000001ba8a00000,0x0000001ba8b00000)]
  0x000001ea2abda970 JavaThread "Unconstrained build operations Thread 147" [_thread_blocked, id=47916, stack(0x0000001ba8b00000,0x0000001ba8c00000)]
  0x000001ea2abd87c0 JavaThread "Unconstrained build operations Thread 148" [_thread_blocked, id=33120, stack(0x0000001ba8c00000,0x0000001ba8d00000)]
  0x000001ea2abd7480 JavaThread "Unconstrained build operations Thread 149" [_thread_blocked, id=72524, stack(0x0000001ba8d00000,0x0000001ba8e00000)]
  0x000001ea2abd9fd0 JavaThread "Memory manager" [_thread_blocked, id=27708, stack(0x0000001ba8e00000,0x0000001ba8f00000)]

Other Threads:
  0x000001ea19442010 VMThread "VM Thread" [stack: 0x0000001b9ab00000,0x0000001b9ac00000] [id=11688]
  0x000001ea77c41ac0 WatcherThread [stack: 0x0000001b9b800000,0x0000001b9b900000] [id=13364]
  0x000001ea77c18660 GCTaskThread "GC Thread#0" [stack: 0x0000001b9a600000,0x0000001b9a700000] [id=25748]
  0x000001ea19ffdf10 GCTaskThread "GC Thread#1" [stack: 0x0000001b9b900000,0x0000001b9ba00000] [id=4116]
  0x000001ea19ffe1c0 GCTaskThread "GC Thread#2" [stack: 0x0000001b9ba00000,0x0000001b9bb00000] [id=24868]
  0x000001ea19ffe470 GCTaskThread "GC Thread#3" [stack: 0x0000001b9bb00000,0x0000001b9bc00000] [id=59840]
  0x000001ea19ffe720 GCTaskThread "GC Thread#4" [stack: 0x0000001b9bc00000,0x0000001b9bd00000] [id=50092]
  0x000001ea1b350f70 GCTaskThread "GC Thread#5" [stack: 0x0000001b9cf00000,0x0000001b9d000000] [id=13472]
  0x000001ea1b350200 GCTaskThread "GC Thread#6" [stack: 0x0000001b9d000000,0x0000001b9d100000] [id=25976]
  0x000001ea1b351220 GCTaskThread "GC Thread#7" [stack: 0x0000001b9d100000,0x0000001b9d200000] [id=31496]
  0x000001ea1b350a10 GCTaskThread "GC Thread#8" [stack: 0x0000001b9d200000,0x0000001b9d300000] [id=69984]
  0x000001ea1b34ff50 GCTaskThread "GC Thread#9" [stack: 0x0000001b9d300000,0x0000001b9d400000] [id=67624]
  0x000001ea1b350760 GCTaskThread "GC Thread#10" [stack: 0x0000001b9d400000,0x0000001b9d500000] [id=13772]
  0x000001ea1b3514d0 GCTaskThread "GC Thread#11" [stack: 0x0000001b9d500000,0x0000001b9d600000] [id=23852]
  0x000001ea1b350cc0 GCTaskThread "GC Thread#12" [stack: 0x0000001b9d600000,0x0000001b9d700000] [id=61004]
  0x000001ea77c2b190 ConcurrentGCThread "G1 Main Marker" [stack: 0x0000001b9a700000,0x0000001b9a800000] [id=4008]
  0x000001ea77c2bab0 ConcurrentGCThread "G1 Conc#0" [stack: 0x0000001b9a800000,0x0000001b9a900000] [id=67284]
  0x000001ea1be967f0 ConcurrentGCThread "G1 Conc#1" [stack: 0x0000001b9d700000,0x0000001b9d800000] [id=32256]
  0x000001ea1be96aa0 ConcurrentGCThread "G1 Conc#2" [stack: 0x0000001b9d800000,0x0000001b9d900000] [id=27868]
  0x000001ea77c9d1b0 ConcurrentGCThread "G1 Refine#0" [stack: 0x0000001b9a900000,0x0000001b9aa00000] [id=62060]
  0x000001ea1b712ed0 ConcurrentGCThread "G1 Refine#1" [stack: 0x0000001b9ec00000,0x0000001b9ed00000] [id=51944]
  0x000001ea1b712910 ConcurrentGCThread "G1 Refine#2" [stack: 0x0000001b9ed00000,0x0000001b9ee00000] [id=20572]
  0x000001ea1b713d30 ConcurrentGCThread "G1 Refine#3" [stack: 0x0000001b9ee00000,0x0000001b9ef00000] [id=29024]
  0x000001ea1b7131b0 ConcurrentGCThread "G1 Refine#4" [stack: 0x0000001b9ef00000,0x0000001b9f000000] [id=53528]
  0x000001ea1b713a50 ConcurrentGCThread "G1 Refine#5" [stack: 0x0000001b9f000000,0x0000001b9f100000] [id=74124]
  0x000001ea1b712630 ConcurrentGCThread "G1 Refine#6" [stack: 0x0000001b9f100000,0x0000001b9f200000] [id=74108]
  0x000001ea1b713490 ConcurrentGCThread "G1 Refine#7" [stack: 0x0000001b9f200000,0x0000001b9f300000] [id=68776]
  0x000001ea1b712bf0 ConcurrentGCThread "G1 Refine#8" [stack: 0x0000001b9f300000,0x0000001b9f400000] [id=62148]
  0x000001ea77c9e990 ConcurrentGCThread "G1 Service" [stack: 0x0000001b9aa00000,0x0000001b9ab00000] [id=26928]

Threads with active compile tasks:
C2 CompilerThread0    20529 12779       4       org.objectweb.asm.Frame::execute (2318 bytes)

VM state: not at safepoint (normal execution)

VM Mutex/Monitor currently owned by a thread: None

Heap address: 0x0000000080000000, size: 2048 MB, Compressed Oops mode: 32-bit

CDS archive(s) mapped at: [0x0000000800000000-0x0000000800bc0000-0x0000000800bc0000), size 12320768, SharedBaseAddress: 0x0000000800000000, ArchiveRelocationMode: 0.
Compressed class space mapped at: 0x0000000800c00000-0x0000000840c00000, reserved size: 1073741824
Narrow klass base: 0x0000000800000000, Narrow klass shift: 0, Narrow klass range: 0x100000000

GC Precious Log:
 CPUs: 16 total, 16 available
 Memory: 15720M
 Large Page Support: Disabled
 NUMA Support: Disabled
 Compressed Oops: Enabled (32-bit)
 Heap Region Size: 1M
 Heap Min Capacity: 8M
 Heap Initial Capacity: 246M
 Heap Max Capacity: 2G
 Pre-touch: Disabled
 Parallel Workers: 13
 Concurrent Workers: 3
 Concurrent Refinement Workers: 13
 Periodic GC: Disabled

Heap:
 garbage-first heap   total 248832K, used 159274K [0x0000000080000000, 0x0000000100000000)
  region size 1024K, 61 young (62464K), 4 survivors (4096K)
 Metaspace       used 116126K, committed 116800K, reserved 1155072K
  class space    used 14857K, committed 15168K, reserved 1048576K

Heap Regions: E=young(eden), S=young(survivor), O=old, HS=humongous(starts), HC=humongous(continues), CS=collection set, F=free, OA=open archive, CA=closed archive, TAMS=top-at-mark-start (previous, next)
|   0|0x0000000080000000, 0x0000000080100000, 0x0000000080100000|100%|HS|  |TAMS 0x0000000080100000, 0x0000000080000000| Complete 
|   1|0x0000000080100000, 0x0000000080200000, 0x0000000080200000|100%|HC|  |TAMS 0x0000000080200000, 0x0000000080100000| Complete 
|   2|0x0000000080200000, 0x0000000080300000, 0x0000000080300000|100%|HC|  |TAMS 0x0000000080300000, 0x0000000080200000| Complete 
|   3|0x0000000080300000, 0x0000000080400000, 0x0000000080400000|100%|HC|  |TAMS 0x0000000080400000, 0x0000000080300000| Complete 
|   4|0x0000000080400000, 0x0000000080500000, 0x0000000080500000|100%| O|  |TAMS 0x0000000080500000, 0x0000000080400000| Untracked 
|   5|0x0000000080500000, 0x0000000080600000, 0x0000000080600000|100%| O|  |TAMS 0x0000000080600000, 0x0000000080500000| Untracked 
|   6|0x0000000080600000, 0x0000000080700000, 0x0000000080700000|100%| O|  |TAMS 0x0000000080700000, 0x0000000080600000| Untracked 
|   7|0x0000000080700000, 0x0000000080800000, 0x0000000080800000|100%| O|  |TAMS 0x0000000080800000, 0x0000000080700000| Untracked 
|   8|0x0000000080800000, 0x0000000080900000, 0x0000000080900000|100%| O|  |TAMS 0x0000000080900000, 0x0000000080800000| Untracked 
|   9|0x0000000080900000, 0x0000000080a00000, 0x0000000080a00000|100%| O|  |TAMS 0x0000000080a00000, 0x0000000080900000| Untracked 
|  10|0x0000000080a00000, 0x0000000080b00000, 0x0000000080b00000|100%| O|  |TAMS 0x0000000080b00000, 0x0000000080a00000| Untracked 
|  11|0x0000000080b00000, 0x0000000080c00000, 0x0000000080c00000|100%| O|  |TAMS 0x0000000080c00000, 0x0000000080b00000| Untracked 
|  12|0x0000000080c00000, 0x0000000080d00000, 0x0000000080d00000|100%| O|  |TAMS 0x0000000080d00000, 0x0000000080c00000| Untracked 
|  13|0x0000000080d00000, 0x0000000080e00000, 0x0000000080e00000|100%| O|  |TAMS 0x0000000080e00000, 0x0000000080d00000| Untracked 
|  14|0x0000000080e00000, 0x0000000080f00000, 0x0000000080f00000|100%| O|  |TAMS 0x0000000080f00000, 0x0000000080e00000| Untracked 
|  15|0x0000000080f00000, 0x0000000081000000, 0x0000000081000000|100%| O|  |TAMS 0x0000000081000000, 0x0000000080f00000| Untracked 
|  16|0x0000000081000000, 0x0000000081100000, 0x0000000081100000|100%| O|  |TAMS 0x0000000081100000, 0x0000000081000000| Untracked 
|  17|0x0000000081100000, 0x0000000081200000, 0x0000000081200000|100%| O|  |TAMS 0x0000000081200000, 0x0000000081100000| Untracked 
|  18|0x0000000081200000, 0x0000000081300000, 0x0000000081300000|100%| O|  |TAMS 0x0000000081300000, 0x0000000081200000| Untracked 
|  19|0x0000000081300000, 0x0000000081400000, 0x0000000081400000|100%| O|  |TAMS 0x0000000081400000, 0x0000000081300000| Untracked 
|  20|0x0000000081400000, 0x0000000081500000, 0x0000000081500000|100%| O|  |TAMS 0x0000000081500000, 0x0000000081400000| Untracked 
|  21|0x0000000081500000, 0x0000000081600000, 0x0000000081600000|100%| O|  |TAMS 0x0000000081600000, 0x0000000081500000| Untracked 
|  22|0x0000000081600000, 0x0000000081700000, 0x0000000081700000|100%| O|  |TAMS 0x0000000081700000, 0x0000000081600000| Untracked 
|  23|0x0000000081700000, 0x0000000081800000, 0x0000000081800000|100%| O|  |TAMS 0x0000000081800000, 0x0000000081700000| Untracked 
|  24|0x0000000081800000, 0x0000000081900000, 0x0000000081900000|100%| O|  |TAMS 0x0000000081800000, 0x0000000081800000| Untracked 
|  25|0x0000000081900000, 0x0000000081a00000, 0x0000000081a00000|100%|HS|  |TAMS 0x0000000081900000, 0x0000000081900000| Complete 
|  26|0x0000000081a00000, 0x0000000081b00000, 0x0000000081b00000|100%| O|  |TAMS 0x0000000081b00000, 0x0000000081a00000| Untracked 
|  27|0x0000000081b00000, 0x0000000081c00000, 0x0000000081c00000|100%| O|  |TAMS 0x0000000081c00000, 0x0000000081b00000| Untracked 
|  28|0x0000000081c00000, 0x0000000081d00000, 0x0000000081d00000|100%| O|  |TAMS 0x0000000081d00000, 0x0000000081c00000| Untracked 
|  29|0x0000000081d00000, 0x0000000081e00000, 0x0000000081e00000|100%| O|  |TAMS 0x0000000081e00000, 0x0000000081d00000| Untracked 
|  30|0x0000000081e00000, 0x0000000081f00000, 0x0000000081f00000|100%| O|  |TAMS 0x0000000081f00000, 0x0000000081e00000| Untracked 
|  31|0x0000000081f00000, 0x0000000082000000, 0x0000000082000000|100%| O|  |TAMS 0x0000000082000000, 0x0000000081f00000| Untracked 
|  32|0x0000000082000000, 0x0000000082100000, 0x0000000082100000|100%| O|  |TAMS 0x0000000082100000, 0x0000000082000000| Untracked 
|  33|0x0000000082100000, 0x0000000082200000, 0x0000000082200000|100%| O|  |TAMS 0x0000000082200000, 0x0000000082100000| Untracked 
|  34|0x0000000082200000, 0x0000000082300000, 0x0000000082300000|100%| O|  |TAMS 0x0000000082300000, 0x0000000082200000| Untracked 
|  35|0x0000000082300000, 0x0000000082400000, 0x0000000082400000|100%| O|  |TAMS 0x0000000082400000, 0x0000000082300000| Untracked 
|  36|0x0000000082400000, 0x0000000082500000, 0x0000000082500000|100%|HS|  |TAMS 0x0000000082500000, 0x0000000082400000| Complete 
|  37|0x0000000082500000, 0x0000000082600000, 0x0000000082600000|100%|HC|  |TAMS 0x0000000082600000, 0x0000000082500000| Complete 
|  38|0x0000000082600000, 0x0000000082700000, 0x0000000082700000|100%|HC|  |TAMS 0x0000000082700000, 0x0000000082600000| Complete 
|  39|0x0000000082700000, 0x0000000082800000, 0x0000000082800000|100%|HC|  |TAMS 0x0000000082800000, 0x0000000082700000| Complete 
|  40|0x0000000082800000, 0x0000000082900000, 0x0000000082900000|100%| O|  |TAMS 0x0000000082900000, 0x0000000082800000| Untracked 
|  41|0x0000000082900000, 0x0000000082a00000, 0x0000000082a00000|100%| O|  |TAMS 0x0000000082a00000, 0x0000000082900000| Untracked 
|  42|0x0000000082a00000, 0x0000000082b00000, 0x0000000082b00000|100%| O|  |TAMS 0x0000000082b00000, 0x0000000082a00000| Untracked 
|  43|0x0000000082b00000, 0x0000000082c00000, 0x0000000082c00000|100%| O|  |TAMS 0x0000000082c00000, 0x0000000082b00000| Untracked 
|  44|0x0000000082c00000, 0x0000000082d00000, 0x0000000082d00000|100%| O|  |TAMS 0x0000000082d00000, 0x0000000082c00000| Untracked 
|  45|0x0000000082d00000, 0x0000000082e00000, 0x0000000082e00000|100%| O|  |TAMS 0x0000000082e00000, 0x0000000082d00000| Untracked 
|  46|0x0000000082e00000, 0x0000000082f00000, 0x0000000082f00000|100%|HS|  |TAMS 0x0000000082e00000, 0x0000000082e00000| Complete 
|  47|0x0000000082f00000, 0x0000000083000000, 0x0000000083000000|100%| O|  |TAMS 0x0000000083000000, 0x0000000082f00000| Untracked 
|  48|0x0000000083000000, 0x0000000083100000, 0x0000000083100000|100%| O|  |TAMS 0x0000000083100000, 0x0000000083000000| Untracked 
|  49|0x0000000083100000, 0x0000000083200000, 0x0000000083200000|100%| O|  |TAMS 0x0000000083200000, 0x0000000083100000| Untracked 
|  50|0x0000000083200000, 0x0000000083300000, 0x0000000083300000|100%| O|  |TAMS 0x0000000083300000, 0x0000000083200000| Untracked 
|  51|0x0000000083300000, 0x0000000083400000, 0x0000000083400000|100%| O|  |TAMS 0x0000000083400000, 0x0000000083300000| Untracked 
|  52|0x0000000083400000, 0x0000000083500000, 0x0000000083500000|100%| O|  |TAMS 0x0000000083500000, 0x0000000083400000| Untracked 
|  53|0x0000000083500000, 0x0000000083600000, 0x0000000083600000|100%| O|  |TAMS 0x0000000083600000, 0x0000000083500000| Untracked 
|  54|0x0000000083600000, 0x0000000083700000, 0x0000000083700000|100%| O|  |TAMS 0x0000000083700000, 0x0000000083600000| Untracked 
|  55|0x0000000083700000, 0x0000000083800000, 0x0000000083800000|100%| O|  |TAMS 0x0000000083800000, 0x0000000083700000| Untracked 
|  56|0x0000000083800000, 0x0000000083900000, 0x0000000083900000|100%|HS|  |TAMS 0x0000000083800000, 0x0000000083800000| Complete 
|  57|0x0000000083900000, 0x0000000083a00000, 0x0000000083a00000|100%| O|  |TAMS 0x0000000083a00000, 0x0000000083900000| Untracked 
|  58|0x0000000083a00000, 0x0000000083b00000, 0x0000000083b00000|100%| O|  |TAMS 0x0000000083b00000, 0x0000000083a00000| Untracked 
|  59|0x0000000083b00000, 0x0000000083c00000, 0x0000000083c00000|100%| O|  |TAMS 0x0000000083c00000, 0x0000000083b00000| Untracked 
|  60|0x0000000083c00000, 0x0000000083d00000, 0x0000000083d00000|100%| O|  |TAMS 0x0000000083d00000, 0x0000000083c00000| Untracked 
|  61|0x0000000083d00000, 0x0000000083e00000, 0x0000000083e00000|100%|HS|  |TAMS 0x0000000083e00000, 0x0000000083d00000| Complete 
|  62|0x0000000083e00000, 0x0000000083f00000, 0x0000000083f00000|100%|HC|  |TAMS 0x0000000083f00000, 0x0000000083e00000| Complete 
|  63|0x0000000083f00000, 0x0000000084000000, 0x0000000084000000|100%|HC|  |TAMS 0x0000000084000000, 0x0000000083f00000| Complete 
|  64|0x0000000084000000, 0x0000000084100000, 0x0000000084100000|100%|HC|  |TAMS 0x0000000084100000, 0x0000000084000000| Complete 
|  65|0x0000000084100000, 0x0000000084200000, 0x0000000084200000|100%|HC|  |TAMS 0x0000000084200000, 0x0000000084100000| Complete 
|  66|0x0000000084200000, 0x0000000084300000, 0x0000000084300000|100%|HC|  |TAMS 0x0000000084300000, 0x0000000084200000| Complete 
|  67|0x0000000084300000, 0x0000000084400000, 0x0000000084400000|100%| O|  |TAMS 0x0000000084400000, 0x0000000084300000| Untracked 
|  68|0x0000000084400000, 0x0000000084500000, 0x0000000084500000|100%|HS|  |TAMS 0x0000000084400000, 0x0000000084400000| Complete 
|  69|0x0000000084500000, 0x0000000084600000, 0x0000000084600000|100%|HC|  |TAMS 0x0000000084500000, 0x0000000084500000| Complete 
|  70|0x0000000084600000, 0x0000000084700000, 0x0000000084700000|100%| O|  |TAMS 0x0000000084700000, 0x0000000084600000| Untracked 
|  71|0x0000000084700000, 0x0000000084700000, 0x0000000084800000|  0%| F|  |TAMS 0x0000000084700000, 0x0000000084700000| Untracked 
|  72|0x0000000084800000, 0x0000000084900000, 0x0000000084900000|100%| O|  |TAMS 0x0000000084900000, 0x0000000084800000| Untracked 
|  73|0x0000000084900000, 0x0000000084a00000, 0x0000000084a00000|100%| O|  |TAMS 0x0000000084a00000, 0x0000000084900000| Untracked 
|  74|0x0000000084a00000, 0x0000000084b00000, 0x0000000084b00000|100%| O|  |TAMS 0x0000000084b00000, 0x0000000084a00000| Untracked 
|  75|0x0000000084b00000, 0x0000000084c00000, 0x0000000084c00000|100%| O|  |TAMS 0x0000000084c00000, 0x0000000084b00000| Untracked 
|  76|0x0000000084c00000, 0x0000000084d00000, 0x0000000084d00000|100%| O|  |TAMS 0x0000000084d00000, 0x0000000084c00000| Untracked 
|  77|0x0000000084d00000, 0x0000000084e00000, 0x0000000084e00000|100%| O|  |TAMS 0x0000000084e00000, 0x0000000084d00000| Untracked 
|  78|0x0000000084e00000, 0x0000000084f00000, 0x0000000084f00000|100%| O|  |TAMS 0x0000000084f00000, 0x0000000084e00000| Untracked 
|  79|0x0000000084f00000, 0x0000000085000000, 0x0000000085000000|100%| O|  |TAMS 0x0000000085000000, 0x0000000084f00000| Untracked 
|  80|0x0000000085000000, 0x0000000085100000, 0x0000000085100000|100%| O|  |TAMS 0x0000000085100000, 0x0000000085000000| Untracked 
|  81|0x0000000085100000, 0x0000000085200000, 0x0000000085200000|100%| O|  |TAMS 0x0000000085200000, 0x0000000085100000| Untracked 
|  82|0x0000000085200000, 0x0000000085300000, 0x0000000085300000|100%| O|  |TAMS 0x0000000085300000, 0x0000000085200000| Untracked 
|  83|0x0000000085300000, 0x0000000085400000, 0x0000000085400000|100%| O|  |TAMS 0x0000000085361800, 0x0000000085300000| Untracked 
|  84|0x0000000085400000, 0x0000000085500000, 0x0000000085500000|100%| O|  |TAMS 0x0000000085400000, 0x0000000085400000| Untracked 
|  85|0x0000000085500000, 0x0000000085600000, 0x0000000085600000|100%| O|  |TAMS 0x0000000085500000, 0x0000000085500000| Untracked 
|  86|0x0000000085600000, 0x0000000085700000, 0x0000000085700000|100%| O|  |TAMS 0x0000000085600000, 0x0000000085600000| Untracked 
|  87|0x0000000085700000, 0x0000000085800000, 0x0000000085800000|100%| O|  |TAMS 0x0000000085700000, 0x0000000085700000| Untracked 
|  88|0x0000000085800000, 0x0000000085900000, 0x0000000085900000|100%| O|  |TAMS 0x0000000085800000, 0x0000000085800000| Untracked 
|  89|0x0000000085900000, 0x0000000085a00000, 0x0000000085a00000|100%| O|  |TAMS 0x0000000085900000, 0x0000000085900000| Untracked 
|  90|0x0000000085a00000, 0x0000000085b00000, 0x0000000085b00000|100%| O|  |TAMS 0x0000000085a00000, 0x0000000085a00000| Untracked 
|  91|0x0000000085b00000, 0x0000000085bafa00, 0x0000000085c00000| 68%| O|  |TAMS 0x0000000085b00000, 0x0000000085b00000| Untracked 
|  92|0x0000000085c00000, 0x0000000085d00000, 0x0000000085d00000|100%|HS|  |TAMS 0x0000000085c00000, 0x0000000085c00000| Complete 
|  93|0x0000000085d00000, 0x0000000085e00000, 0x0000000085e00000|100%|HC|  |TAMS 0x0000000085d00000, 0x0000000085d00000| Complete 
|  94|0x0000000085e00000, 0x0000000085f00000, 0x0000000085f00000|100%|HC|  |TAMS 0x0000000085e00000, 0x0000000085e00000| Complete 
|  95|0x0000000085f00000, 0x0000000086000000, 0x0000000086000000|100%|HC|  |TAMS 0x0000000085f00000, 0x0000000085f00000| Complete 
|  96|0x0000000086000000, 0x0000000086000000, 0x0000000086100000|  0%| F|  |TAMS 0x0000000086000000, 0x0000000086000000| Untracked 
|  97|0x0000000086100000, 0x0000000086100000, 0x0000000086200000|  0%| F|  |TAMS 0x0000000086100000, 0x0000000086100000| Untracked 
|  98|0x0000000086200000, 0x0000000086200000, 0x0000000086300000|  0%| F|  |TAMS 0x0000000086200000, 0x0000000086200000| Untracked 
|  99|0x0000000086300000, 0x0000000086300000, 0x0000000086400000|  0%| F|  |TAMS 0x0000000086300000, 0x0000000086300000| Untracked 
| 100|0x0000000086400000, 0x0000000086400000, 0x0000000086500000|  0%| F|  |TAMS 0x0000000086400000, 0x0000000086400000| Untracked 
| 101|0x0000000086500000, 0x0000000086500000, 0x0000000086600000|  0%| F|  |TAMS 0x0000000086500000, 0x0000000086500000| Untracked 
| 102|0x0000000086600000, 0x0000000086600000, 0x0000000086700000|  0%| F|  |TAMS 0x0000000086600000, 0x0000000086600000| Untracked 
| 103|0x0000000086700000, 0x0000000086700000, 0x0000000086800000|  0%| F|  |TAMS 0x0000000086700000, 0x0000000086700000| Untracked 
| 104|0x0000000086800000, 0x0000000086800000, 0x0000000086900000|  0%| F|  |TAMS 0x0000000086800000, 0x0000000086800000| Untracked 
| 105|0x0000000086900000, 0x0000000086900000, 0x0000000086a00000|  0%| F|  |TAMS 0x0000000086900000, 0x0000000086900000| Untracked 
| 106|0x0000000086a00000, 0x0000000086a00000, 0x0000000086b00000|  0%| F|  |TAMS 0x0000000086a00000, 0x0000000086a00000| Untracked 
| 107|0x0000000086b00000, 0x0000000086b00000, 0x0000000086c00000|  0%| F|  |TAMS 0x0000000086b00000, 0x0000000086b00000| Untracked 
| 108|0x0000000086c00000, 0x0000000086c00000, 0x0000000086d00000|  0%| F|  |TAMS 0x0000000086c00000, 0x0000000086c00000| Untracked 
| 109|0x0000000086d00000, 0x0000000086d00000, 0x0000000086e00000|  0%| F|  |TAMS 0x0000000086d00000, 0x0000000086d00000| Untracked 
| 110|0x0000000086e00000, 0x0000000086e00000, 0x0000000086f00000|  0%| F|  |TAMS 0x0000000086e00000, 0x0000000086e00000| Untracked 
| 111|0x0000000086f00000, 0x0000000086fdb000, 0x0000000087000000| 85%| S|CS|TAMS 0x0000000086f00000, 0x0000000086f00000| Complete 
| 112|0x0000000087000000, 0x0000000087100000, 0x0000000087100000|100%| S|CS|TAMS 0x0000000087000000, 0x0000000087000000| Complete 
| 113|0x0000000087100000, 0x0000000087200000, 0x0000000087200000|100%| S|CS|TAMS 0x0000000087100000, 0x0000000087100000| Complete 
| 114|0x0000000087200000, 0x0000000087300000, 0x0000000087300000|100%| S|CS|TAMS 0x0000000087200000, 0x0000000087200000| Complete 
| 115|0x0000000087300000, 0x0000000087300000, 0x0000000087400000|  0%| F|  |TAMS 0x0000000087300000, 0x0000000087300000| Untracked 
| 116|0x0000000087400000, 0x0000000087400000, 0x0000000087500000|  0%| F|  |TAMS 0x0000000087400000, 0x0000000087400000| Untracked 
| 117|0x0000000087500000, 0x0000000087500000, 0x0000000087600000|  0%| F|  |TAMS 0x0000000087500000, 0x0000000087500000| Untracked 
| 118|0x0000000087600000, 0x0000000087600000, 0x0000000087700000|  0%| F|  |TAMS 0x0000000087600000, 0x0000000087600000| Untracked 
| 119|0x0000000087700000, 0x0000000087700000, 0x0000000087800000|  0%| F|  |TAMS 0x0000000087700000, 0x0000000087700000| Untracked 
| 120|0x0000000087800000, 0x0000000087800000, 0x0000000087900000|  0%| F|  |TAMS 0x0000000087800000, 0x0000000087800000| Untracked 
| 121|0x0000000087900000, 0x0000000087900000, 0x0000000087a00000|  0%| F|  |TAMS 0x0000000087900000, 0x0000000087900000| Untracked 
| 122|0x0000000087a00000, 0x0000000087a00000, 0x0000000087b00000|  0%| F|  |TAMS 0x0000000087a00000, 0x0000000087a00000| Untracked 
| 123|0x0000000087b00000, 0x0000000087b00000, 0x0000000087c00000|  0%| F|  |TAMS 0x0000000087b00000, 0x0000000087b00000| Untracked 
| 124|0x0000000087c00000, 0x0000000087c00000, 0x0000000087d00000|  0%| F|  |TAMS 0x0000000087c00000, 0x0000000087c00000| Untracked 
| 125|0x0000000087d00000, 0x0000000087d00000, 0x0000000087e00000|  0%| F|  |TAMS 0x0000000087d00000, 0x0000000087d00000| Untracked 
| 126|0x0000000087e00000, 0x0000000087e00000, 0x0000000087f00000|  0%| F|  |TAMS 0x0000000087e00000, 0x0000000087e00000| Untracked 
| 127|0x0000000087f00000, 0x0000000087f00000, 0x0000000088000000|  0%| F|  |TAMS 0x0000000087f00000, 0x0000000087f00000| Untracked 
| 128|0x0000000088000000, 0x0000000088000000, 0x0000000088100000|  0%| F|  |TAMS 0x0000000088000000, 0x0000000088000000| Untracked 
| 129|0x0000000088100000, 0x0000000088100000, 0x0000000088200000|  0%| F|  |TAMS 0x0000000088100000, 0x0000000088100000| Untracked 
| 130|0x0000000088200000, 0x0000000088200000, 0x0000000088300000|  0%| F|  |TAMS 0x0000000088200000, 0x0000000088200000| Untracked 
| 131|0x0000000088300000, 0x0000000088300000, 0x0000000088400000|  0%| F|  |TAMS 0x0000000088300000, 0x0000000088300000| Untracked 
| 132|0x0000000088400000, 0x0000000088400000, 0x0000000088500000|  0%| F|  |TAMS 0x0000000088400000, 0x0000000088400000| Untracked 
| 133|0x0000000088500000, 0x0000000088500000, 0x0000000088600000|  0%| F|  |TAMS 0x0000000088500000, 0x0000000088500000| Untracked 
| 134|0x0000000088600000, 0x0000000088600000, 0x0000000088700000|  0%| F|  |TAMS 0x0000000088600000, 0x0000000088600000| Untracked 
| 135|0x0000000088700000, 0x0000000088700000, 0x0000000088800000|  0%| F|  |TAMS 0x0000000088700000, 0x0000000088700000| Untracked 
| 136|0x0000000088800000, 0x0000000088800000, 0x0000000088900000|  0%| F|  |TAMS 0x0000000088800000, 0x0000000088800000| Untracked 
| 137|0x0000000088900000, 0x0000000088900000, 0x0000000088a00000|  0%| F|  |TAMS 0x0000000088900000, 0x0000000088900000| Untracked 
| 138|0x0000000088a00000, 0x0000000088a00000, 0x0000000088b00000|  0%| F|  |TAMS 0x0000000088a00000, 0x0000000088a00000| Untracked 
| 139|0x0000000088b00000, 0x0000000088b00000, 0x0000000088c00000|  0%| F|  |TAMS 0x0000000088b00000, 0x0000000088b00000| Untracked 
| 140|0x0000000088c00000, 0x0000000088c00000, 0x0000000088d00000|  0%| F|  |TAMS 0x0000000088c00000, 0x0000000088c00000| Untracked 
| 141|0x0000000088d00000, 0x0000000088d00000, 0x0000000088e00000|  0%| F|  |TAMS 0x0000000088d00000, 0x0000000088d00000| Untracked 
| 142|0x0000000088e00000, 0x0000000088e00000, 0x0000000088f00000|  0%| F|  |TAMS 0x0000000088e00000, 0x0000000088e00000| Untracked 
| 143|0x0000000088f00000, 0x0000000088f00000, 0x0000000089000000|  0%| F|  |TAMS 0x0000000088f00000, 0x0000000088f00000| Untracked 
| 144|0x0000000089000000, 0x0000000089000000, 0x0000000089100000|  0%| F|  |TAMS 0x0000000089000000, 0x0000000089000000| Untracked 
| 145|0x0000000089100000, 0x0000000089100000, 0x0000000089200000|  0%| F|  |TAMS 0x0000000089100000, 0x0000000089100000| Untracked 
| 146|0x0000000089200000, 0x0000000089200000, 0x0000000089300000|  0%| F|  |TAMS 0x0000000089200000, 0x0000000089200000| Untracked 
| 147|0x0000000089300000, 0x0000000089300000, 0x0000000089400000|  0%| F|  |TAMS 0x0000000089300000, 0x0000000089300000| Untracked 
| 148|0x0000000089400000, 0x0000000089400000, 0x0000000089500000|  0%| F|  |TAMS 0x0000000089400000, 0x0000000089400000| Untracked 
| 149|0x0000000089500000, 0x0000000089500000, 0x0000000089600000|  0%| F|  |TAMS 0x0000000089500000, 0x0000000089500000| Untracked 
| 150|0x0000000089600000, 0x0000000089600000, 0x0000000089700000|  0%| F|  |TAMS 0x0000000089600000, 0x0000000089600000| Untracked 
| 151|0x0000000089700000, 0x0000000089700000, 0x0000000089800000|  0%| F|  |TAMS 0x0000000089700000, 0x0000000089700000| Untracked 
| 152|0x0000000089800000, 0x0000000089800000, 0x0000000089900000|  0%| F|  |TAMS 0x0000000089800000, 0x0000000089800000| Untracked 
| 153|0x0000000089900000, 0x0000000089900000, 0x0000000089a00000|  0%| F|  |TAMS 0x0000000089900000, 0x0000000089900000| Untracked 
| 154|0x0000000089a00000, 0x0000000089a00000, 0x0000000089b00000|  0%| F|  |TAMS 0x0000000089a00000, 0x0000000089a00000| Untracked 
| 155|0x0000000089b00000, 0x0000000089b00000, 0x0000000089c00000|  0%| F|  |TAMS 0x0000000089b00000, 0x0000000089b00000| Untracked 
| 156|0x0000000089c00000, 0x0000000089c00000, 0x0000000089d00000|  0%| F|  |TAMS 0x0000000089c00000, 0x0000000089c00000| Untracked 
| 157|0x0000000089d00000, 0x0000000089d00000, 0x0000000089e00000|  0%| F|  |TAMS 0x0000000089d00000, 0x0000000089d00000| Untracked 
| 158|0x0000000089e00000, 0x0000000089e00000, 0x0000000089f00000|  0%| F|  |TAMS 0x0000000089e00000, 0x0000000089e00000| Untracked 
| 159|0x0000000089f00000, 0x0000000089f00000, 0x000000008a000000|  0%| F|  |TAMS 0x0000000089f00000, 0x0000000089f00000| Untracked 
| 160|0x000000008a000000, 0x000000008a000000, 0x000000008a100000|  0%| F|  |TAMS 0x000000008a000000, 0x000000008a000000| Untracked 
| 161|0x000000008a100000, 0x000000008a100000, 0x000000008a200000|  0%| F|  |TAMS 0x000000008a100000, 0x000000008a100000| Untracked 
| 162|0x000000008a200000, 0x000000008a200000, 0x000000008a300000|  0%| F|  |TAMS 0x000000008a200000, 0x000000008a200000| Untracked 
| 163|0x000000008a300000, 0x000000008a300000, 0x000000008a400000|  0%| F|  |TAMS 0x000000008a300000, 0x000000008a300000| Untracked 
| 164|0x000000008a400000, 0x000000008a400000, 0x000000008a500000|  0%| F|  |TAMS 0x000000008a400000, 0x000000008a400000| Untracked 
| 165|0x000000008a500000, 0x000000008a500000, 0x000000008a600000|  0%| F|  |TAMS 0x000000008a500000, 0x000000008a500000| Untracked 
| 166|0x000000008a600000, 0x000000008a600000, 0x000000008a700000|  0%| F|  |TAMS 0x000000008a600000, 0x000000008a600000| Untracked 
| 167|0x000000008a700000, 0x000000008a700000, 0x000000008a800000|  0%| F|  |TAMS 0x000000008a700000, 0x000000008a700000| Untracked 
| 168|0x000000008a800000, 0x000000008a800000, 0x000000008a900000|  0%| F|  |TAMS 0x000000008a800000, 0x000000008a800000| Untracked 
| 169|0x000000008a900000, 0x000000008a900000, 0x000000008aa00000|  0%| F|  |TAMS 0x000000008a900000, 0x000000008a900000| Untracked 
| 170|0x000000008aa00000, 0x000000008aa00000, 0x000000008ab00000|  0%| F|  |TAMS 0x000000008aa00000, 0x000000008aa00000| Untracked 
| 171|0x000000008ab00000, 0x000000008ab00000, 0x000000008ac00000|  0%| F|  |TAMS 0x000000008ab00000, 0x000000008ab00000| Untracked 
| 172|0x000000008ac00000, 0x000000008ac00000, 0x000000008ad00000|  0%| F|  |TAMS 0x000000008ac00000, 0x000000008ac00000| Untracked 
| 173|0x000000008ad00000, 0x000000008ad00000, 0x000000008ae00000|  0%| F|  |TAMS 0x000000008ad00000, 0x000000008ad00000| Untracked 
| 174|0x000000008ae00000, 0x000000008ae00000, 0x000000008af00000|  0%| F|  |TAMS 0x000000008ae00000, 0x000000008ae00000| Untracked 
| 175|0x000000008af00000, 0x000000008af00000, 0x000000008b000000|  0%| F|  |TAMS 0x000000008af00000, 0x000000008af00000| Untracked 
| 176|0x000000008b000000, 0x000000008b000000, 0x000000008b100000|  0%| F|  |TAMS 0x000000008b000000, 0x000000008b000000| Untracked 
| 177|0x000000008b100000, 0x000000008b100000, 0x000000008b200000|  0%| F|  |TAMS 0x000000008b100000, 0x000000008b100000| Untracked 
| 178|0x000000008b200000, 0x000000008b200000, 0x000000008b300000|  0%| F|  |TAMS 0x000000008b200000, 0x000000008b200000| Untracked 
| 179|0x000000008b300000, 0x000000008b300000, 0x000000008b400000|  0%| F|  |TAMS 0x000000008b300000, 0x000000008b300000| Untracked 
| 180|0x000000008b400000, 0x000000008b400000, 0x000000008b500000|  0%| F|  |TAMS 0x000000008b400000, 0x000000008b400000| Untracked 
| 181|0x000000008b500000, 0x000000008b500000, 0x000000008b600000|  0%| F|  |TAMS 0x000000008b500000, 0x000000008b500000| Untracked 
| 182|0x000000008b600000, 0x000000008b600000, 0x000000008b700000|  0%| F|  |TAMS 0x000000008b600000, 0x000000008b600000| Untracked 
| 183|0x000000008b700000, 0x000000008b700000, 0x000000008b800000|  0%| F|  |TAMS 0x000000008b700000, 0x000000008b700000| Untracked 
| 184|0x000000008b800000, 0x000000008b800000, 0x000000008b900000|  0%| F|  |TAMS 0x000000008b800000, 0x000000008b800000| Untracked 
| 185|0x000000008b900000, 0x000000008b98a338, 0x000000008ba00000| 53%| E|  |TAMS 0x000000008b900000, 0x000000008b900000| Complete 
| 186|0x000000008ba00000, 0x000000008bb00000, 0x000000008bb00000|100%| E|CS|TAMS 0x000000008ba00000, 0x000000008ba00000| Complete 
| 187|0x000000008bb00000, 0x000000008bc00000, 0x000000008bc00000|100%| E|CS|TAMS 0x000000008bb00000, 0x000000008bb00000| Complete 
| 188|0x000000008bc00000, 0x000000008bd00000, 0x000000008bd00000|100%| E|CS|TAMS 0x000000008bc00000, 0x000000008bc00000| Complete 
| 189|0x000000008bd00000, 0x000000008be00000, 0x000000008be00000|100%| E|CS|TAMS 0x000000008bd00000, 0x000000008bd00000| Complete 
| 190|0x000000008be00000, 0x000000008bf00000, 0x000000008bf00000|100%| E|CS|TAMS 0x000000008be00000, 0x000000008be00000| Complete 
| 191|0x000000008bf00000, 0x000000008c000000, 0x000000008c000000|100%| E|CS|TAMS 0x000000008bf00000, 0x000000008bf00000| Complete 
| 192|0x000000008c000000, 0x000000008c100000, 0x000000008c100000|100%| E|CS|TAMS 0x000000008c000000, 0x000000008c000000| Complete 
| 193|0x000000008c100000, 0x000000008c200000, 0x000000008c200000|100%| E|CS|TAMS 0x000000008c100000, 0x000000008c100000| Complete 
| 194|0x000000008c200000, 0x000000008c300000, 0x000000008c300000|100%| E|CS|TAMS 0x000000008c200000, 0x000000008c200000| Complete 
| 195|0x000000008c300000, 0x000000008c400000, 0x000000008c400000|100%| E|CS|TAMS 0x000000008c300000, 0x000000008c300000| Complete 
| 196|0x000000008c400000, 0x000000008c500000, 0x000000008c500000|100%| E|CS|TAMS 0x000000008c400000, 0x000000008c400000| Complete 
| 197|0x000000008c500000, 0x000000008c600000, 0x000000008c600000|100%| E|CS|TAMS 0x000000008c500000, 0x000000008c500000| Complete 
| 198|0x000000008c600000, 0x000000008c700000, 0x000000008c700000|100%| E|CS|TAMS 0x000000008c600000, 0x000000008c600000| Complete 
| 199|0x000000008c700000, 0x000000008c800000, 0x000000008c800000|100%| E|CS|TAMS 0x000000008c700000, 0x000000008c700000| Complete 
| 200|0x000000008c800000, 0x000000008c900000, 0x000000008c900000|100%| E|CS|TAMS 0x000000008c800000, 0x000000008c800000| Complete 
| 201|0x000000008c900000, 0x000000008ca00000, 0x000000008ca00000|100%| E|CS|TAMS 0x000000008c900000, 0x000000008c900000| Complete 
| 202|0x000000008ca00000, 0x000000008cb00000, 0x000000008cb00000|100%| E|CS|TAMS 0x000000008ca00000, 0x000000008ca00000| Complete 
| 203|0x000000008cb00000, 0x000000008cc00000, 0x000000008cc00000|100%| E|CS|TAMS 0x000000008cb00000, 0x000000008cb00000| Complete 
| 204|0x000000008cc00000, 0x000000008cd00000, 0x000000008cd00000|100%| E|CS|TAMS 0x000000008cc00000, 0x000000008cc00000| Complete 
| 205|0x000000008cd00000, 0x000000008ce00000, 0x000000008ce00000|100%| E|CS|TAMS 0x000000008cd00000, 0x000000008cd00000| Complete 
| 206|0x000000008ce00000, 0x000000008cf00000, 0x000000008cf00000|100%| E|CS|TAMS 0x000000008ce00000, 0x000000008ce00000| Complete 
| 207|0x000000008cf00000, 0x000000008d000000, 0x000000008d000000|100%| E|CS|TAMS 0x000000008cf00000, 0x000000008cf00000| Complete 
| 208|0x000000008d000000, 0x000000008d100000, 0x000000008d100000|100%| E|CS|TAMS 0x000000008d000000, 0x000000008d000000| Complete 
| 209|0x000000008d100000, 0x000000008d200000, 0x000000008d200000|100%| E|CS|TAMS 0x000000008d100000, 0x000000008d100000| Complete 
| 210|0x000000008d200000, 0x000000008d300000, 0x000000008d300000|100%| E|CS|TAMS 0x000000008d200000, 0x000000008d200000| Complete 
| 211|0x000000008d300000, 0x000000008d400000, 0x000000008d400000|100%| E|CS|TAMS 0x000000008d300000, 0x000000008d300000| Complete 
| 212|0x000000008d400000, 0x000000008d500000, 0x000000008d500000|100%| E|CS|TAMS 0x000000008d400000, 0x000000008d400000| Complete 
| 213|0x000000008d500000, 0x000000008d600000, 0x000000008d600000|100%| E|CS|TAMS 0x000000008d500000, 0x000000008d500000| Complete 
| 214|0x000000008d600000, 0x000000008d700000, 0x000000008d700000|100%| E|CS|TAMS 0x000000008d600000, 0x000000008d600000| Complete 
| 215|0x000000008d700000, 0x000000008d800000, 0x000000008d800000|100%| E|CS|TAMS 0x000000008d700000, 0x000000008d700000| Complete 
| 216|0x000000008d800000, 0x000000008d900000, 0x000000008d900000|100%| E|CS|TAMS 0x000000008d800000, 0x000000008d800000| Complete 
| 217|0x000000008d900000, 0x000000008da00000, 0x000000008da00000|100%| E|CS|TAMS 0x000000008d900000, 0x000000008d900000| Complete 
| 218|0x000000008da00000, 0x000000008db00000, 0x000000008db00000|100%| E|CS|TAMS 0x000000008da00000, 0x000000008da00000| Complete 
| 219|0x000000008db00000, 0x000000008dc00000, 0x000000008dc00000|100%| E|CS|TAMS 0x000000008db00000, 0x000000008db00000| Complete 
| 220|0x000000008dc00000, 0x000000008dd00000, 0x000000008dd00000|100%| E|CS|TAMS 0x000000008dc00000, 0x000000008dc00000| Complete 
| 221|0x000000008dd00000, 0x000000008de00000, 0x000000008de00000|100%| E|CS|TAMS 0x000000008dd00000, 0x000000008dd00000| Complete 
| 222|0x000000008de00000, 0x000000008df00000, 0x000000008df00000|100%| E|CS|TAMS 0x000000008de00000, 0x000000008de00000| Complete 
| 223|0x000000008df00000, 0x000000008e000000, 0x000000008e000000|100%| E|CS|TAMS 0x000000008df00000, 0x000000008df00000| Complete 
| 224|0x000000008e000000, 0x000000008e100000, 0x000000008e100000|100%| E|CS|TAMS 0x000000008e000000, 0x000000008e000000| Complete 
| 225|0x000000008e100000, 0x000000008e200000, 0x000000008e200000|100%| E|CS|TAMS 0x000000008e100000, 0x000000008e100000| Complete 
| 226|0x000000008e200000, 0x000000008e300000, 0x000000008e300000|100%| E|CS|TAMS 0x000000008e200000, 0x000000008e200000| Complete 
| 227|0x000000008e300000, 0x000000008e400000, 0x000000008e400000|100%| E|CS|TAMS 0x000000008e300000, 0x000000008e300000| Complete 
| 228|0x000000008e400000, 0x000000008e500000, 0x000000008e500000|100%| E|CS|TAMS 0x000000008e400000, 0x000000008e400000| Complete 
| 229|0x000000008e500000, 0x000000008e600000, 0x000000008e600000|100%| E|CS|TAMS 0x000000008e500000, 0x000000008e500000| Complete 
| 230|0x000000008e600000, 0x000000008e700000, 0x000000008e700000|100%| E|CS|TAMS 0x000000008e600000, 0x000000008e600000| Complete 
| 231|0x000000008e700000, 0x000000008e800000, 0x000000008e800000|100%| E|CS|TAMS 0x000000008e700000, 0x000000008e700000| Complete 
| 232|0x000000008e800000, 0x000000008e900000, 0x000000008e900000|100%| E|CS|TAMS 0x000000008e800000, 0x000000008e800000| Complete 
| 233|0x000000008e900000, 0x000000008ea00000, 0x000000008ea00000|100%| E|CS|TAMS 0x000000008e900000, 0x000000008e900000| Complete 
| 234|0x000000008ea00000, 0x000000008eb00000, 0x000000008eb00000|100%| E|CS|TAMS 0x000000008ea00000, 0x000000008ea00000| Complete 
| 235|0x000000008eb00000, 0x000000008ec00000, 0x000000008ec00000|100%| E|CS|TAMS 0x000000008eb00000, 0x000000008eb00000| Complete 
| 236|0x000000008ec00000, 0x000000008ed00000, 0x000000008ed00000|100%| E|CS|TAMS 0x000000008ec00000, 0x000000008ec00000| Complete 
| 237|0x000000008ed00000, 0x000000008ee00000, 0x000000008ee00000|100%| E|CS|TAMS 0x000000008ed00000, 0x000000008ed00000| Complete 
| 238|0x000000008ee00000, 0x000000008ef00000, 0x000000008ef00000|100%| E|CS|TAMS 0x000000008ee00000, 0x000000008ee00000| Complete 
| 239|0x000000008ef00000, 0x000000008f000000, 0x000000008f000000|100%| E|CS|TAMS 0x000000008ef00000, 0x000000008ef00000| Complete 
| 244|0x000000008f400000, 0x000000008f500000, 0x000000008f500000|100%| E|CS|TAMS 0x000000008f400000, 0x000000008f400000| Complete 
| 245|0x000000008f500000, 0x000000008f600000, 0x000000008f600000|100%| E|CS|TAMS 0x000000008f500000, 0x000000008f500000| Complete 
|2047|0x00000000fff00000, 0x0000000100000000, 0x0000000100000000|100%| O|  |TAMS 0x0000000100000000, 0x00000000fff00000| Untracked 

Card table byte_map: [0x000001ea7a840000,0x000001ea7ac40000] _byte_map_base: 0x000001ea7a440000

Marking Bits (Prev, Next): (CMBitMap*) 0x000001ea77c19bd0, (CMBitMap*) 0x000001ea77c19b90
 Prev Bits: [0x000001ea7d040000, 0x000001ea7f040000)
 Next Bits: [0x000001ea7b040000, 0x000001ea7d040000)

Polling page: 0x000001ea77b20000

Metaspace:

Usage:
  Non-class:     98.96 MB used.
      Class:     14.52 MB used.
       Both:    113.48 MB used.

Virtual space:
  Non-class space:      104.00 MB reserved,      99.31 MB ( 95%) committed,  13 nodes.
      Class space:        1.00 GB reserved,      14.81 MB (  1%) committed,  1 nodes.
             Both:        1.10 GB reserved,     114.12 MB ( 10%) committed. 

Chunk freelists:
   Non-Class:  128.00 KB
       Class:  1.19 MB
        Both:  1.31 MB

MaxMetaspaceSize: unlimited
CompressedClassSpaceSize: 1.00 GB
Initial GC threshold: 21.00 MB
Current GC threshold: 162.19 MB
CDS: on
MetaspaceReclaimPolicy: balanced
 - commit_granule_bytes: 65536.
 - commit_granule_words: 8192.
 - virtual_space_node_default_size: 1048576.
 - enlarge_chunks_in_place: 1.
 - new_chunks_are_fully_committed: 0.
 - uncommit_free_chunks: 1.
 - use_allocation_guard: 0.
 - handle_deallocations: 1.


Internal statistics:

num_allocs_failed_limit: 9.
num_arena_births: 914.
num_arena_deaths: 0.
num_vsnodes_births: 14.
num_vsnodes_deaths: 0.
num_space_committed: 1824.
num_space_uncommitted: 0.
num_chunks_returned_to_freelist: 9.
num_chunks_taken_from_freelist: 4951.
num_chunk_merges: 9.
num_chunk_splits: 3782.
num_chunks_enlarged: 3046.
num_purges: 0.
num_inconsistent_stats: 0.

CodeHeap 'non-profiled nmethods': size=119168Kb used=4809Kb max_used=4809Kb free=114358Kb
 bounds [0x000001ea0f2c0000, 0x000001ea0f780000, 0x000001ea16720000]
CodeHeap 'profiled nmethods': size=119104Kb used=24658Kb max_used=24658Kb free=94445Kb
 bounds [0x000001ea07e70000, 0x000001ea09690000, 0x000001ea0f2c0000]
CodeHeap 'non-nmethods': size=7488Kb used=3673Kb max_used=3713Kb free=3814Kb
 bounds [0x000001ea07720000, 0x000001ea07ad0000, 0x000001ea07e70000]
 total_blobs=12720 nmethods=11616 adapters=1010
 compilation: enabled
              stopped_count=0, restarted_count=0
 full_count=0

Compilation events (20 events):
Event: 20.416 Thread 0x000001ea19579050 12843       3       com.sun.jmx.mbeanserver.MXBeanIntrospector::originalTypeString (20 bytes)
Event: 20.416 Thread 0x000001ea19453f90 12844       3       javax.management.StandardMBean::getDescription (11 bytes)
Event: 20.416 Thread 0x000001ea19579050 nmethod 12843 0x000001ea09673c10 code [0x000001ea09673de0, 0x000001ea09674238]
Event: 20.416 Thread 0x000001ea19453f90 nmethod 12844 0x000001ea09674390 code [0x000001ea09674540, 0x000001ea09674758]
Event: 20.416 Thread 0x000001ea19453f90 12845       3       javax.management.ObjectName::isPropertyListPattern (17 bytes)
Event: 20.416 Thread 0x000001ea19453f90 nmethod 12845 0x000001ea09674810 code [0x000001ea096749a0, 0x000001ea09674b18]
Event: 20.420 Thread 0x000001ea19453f90 12846       3       javax.management.ImmutableDescriptor::union (308 bytes)
Event: 20.420 Thread 0x000001ea2a46e0c0 12847       3       java.lang.invoke.DirectMethodHandle$Holder::invokeStatic (14 bytes)
Event: 20.420 Thread 0x000001ea19579050 12848       3       javax.management.MBeanFeatureInfo::<init> (20 bytes)
Event: 20.420 Thread 0x000001ea2a46e0c0 nmethod 12847 0x000001ea09674b90 code [0x000001ea09674d60, 0x000001ea096751b8]
Event: 20.420 Thread 0x000001ea19579050 nmethod 12848 0x000001ea09675310 code [0x000001ea096754c0, 0x000001ea09675738]
Event: 20.421 Thread 0x000001ea19453f90 nmethod 12846 0x000001ea09675810 code [0x000001ea09675b80, 0x000001ea09677708]
Event: 20.461 Thread 0x000001ea19453f90 12849       3       org.gradle.internal.instantiation.generator.AsmBackedClassGenerator$ClassBuilderImpl::access$2600 (4 bytes)
Event: 20.461 Thread 0x000001ea19453f90 nmethod 12849 0x000001ea09678090 code [0x000001ea09678220, 0x000001ea09678318]
Event: 20.468 Thread 0x000001ea19453f90 12850       3       java.lang.String::replaceAll (13 bytes)
Event: 20.468 Thread 0x000001ea19453f90 nmethod 12850 0x000001ea09678390 code [0x000001ea09678560, 0x000001ea096787e8]
Event: 20.475 Thread 0x000001ea19453f90 12851       3       org.gradle.cache.internal.DefaultCrossBuildInMemoryCacheFactory$DefaultClassMap::maybeGetRetainedValue (9 bytes)
Event: 20.475 Thread 0x000001ea2a46e0c0 12852       3       org.gradle.cache.internal.DefaultCrossBuildInMemoryCacheFactory$DefaultClassMap::maybeGetRetainedValue (12 bytes)
Event: 20.476 Thread 0x000001ea19453f90 nmethod 12851 0x000001ea09678910 code [0x000001ea09678ae0, 0x000001ea09678e58]
Event: 20.476 Thread 0x000001ea2a46e0c0 nmethod 12852 0x000001ea09678f90 code [0x000001ea096791c0, 0x000001ea09679bf8]

GC Heap History (20 events):
Event: 12.133 GC heap before
{Heap before GC invocations=32 (full 0):
 garbage-first heap   total 164864K, used 126168K [0x0000000080000000, 0x0000000100000000)
  region size 1024K, 60 young (61440K), 4 survivors (4096K)
 Metaspace       used 76447K, committed 76992K, reserved 1122304K
  class space    used 10066K, committed 10304K, reserved 1048576K
}
Event: 12.138 GC heap after
{Heap after GC invocations=33 (full 0):
 garbage-first heap   total 164864K, used 73500K [0x0000000080000000, 0x0000000100000000)
  region size 1024K, 8 young (8192K), 8 survivors (8192K)
 Metaspace       used 76447K, committed 76992K, reserved 1122304K
  class space    used 10066K, committed 10304K, reserved 1048576K
}
Event: 13.169 GC heap before
{Heap before GC invocations=33 (full 0):
 garbage-first heap   total 164864K, used 128796K [0x0000000080000000, 0x0000000100000000)
  region size 1024K, 62 young (63488K), 8 survivors (8192K)
 Metaspace       used 83396K, committed 83968K, reserved 1122304K
  class space    used 10864K, committed 11136K, reserved 1048576K
}
Event: 13.175 GC heap after
{Heap after GC invocations=34 (full 0):
 garbage-first heap   total 164864K, used 77323K [0x0000000080000000, 0x0000000100000000)
  region size 1024K, 4 young (4096K), 4 survivors (4096K)
 Metaspace       used 83396K, committed 83968K, reserved 1122304K
  class space    used 10864K, committed 11136K, reserved 1048576K
}
Event: 14.266 GC heap before
{Heap before GC invocations=34 (full 0):
 garbage-first heap   total 164864K, used 131595K [0x0000000080000000, 0x0000000100000000)
  region size 1024K, 57 young (58368K), 4 survivors (4096K)
 Metaspace       used 92332K, committed 92928K, reserved 1130496K
  class space    used 11805K, committed 12096K, reserved 1048576K
}
Event: 14.270 GC heap after
{Heap after GC invocations=35 (full 0):
 garbage-first heap   total 164864K, used 78701K [0x0000000080000000, 0x0000000100000000)
  region size 1024K, 6 young (6144K), 6 survivors (6144K)
 Metaspace       used 92332K, committed 92928K, reserved 1130496K
  class space    used 11805K, committed 12096K, reserved 1048576K
}
Event: 14.844 GC heap before
{Heap before GC invocations=35 (full 0):
 garbage-first heap   total 164864K, used 116589K [0x0000000080000000, 0x0000000100000000)
  region size 1024K, 44 young (45056K), 6 survivors (6144K)
 Metaspace       used 94631K, committed 95168K, reserved 1138688K
  class space    used 12124K, committed 12352K, reserved 1048576K
}
Event: 14.848 GC heap after
{Heap after GC invocations=36 (full 0):
 garbage-first heap   total 164864K, used 82102K [0x0000000080000000, 0x0000000100000000)
  region size 1024K, 6 young (6144K), 6 survivors (6144K)
 Metaspace       used 94631K, committed 95168K, reserved 1138688K
  class space    used 12124K, committed 12352K, reserved 1048576K
}
Event: 15.083 GC heap before
{Heap before GC invocations=37 (full 0):
 garbage-first heap   total 167936K, used 134326K [0x0000000080000000, 0x0000000100000000)
  region size 1024K, 56 young (57344K), 6 survivors (6144K)
 Metaspace       used 94800K, committed 95360K, reserved 1138688K
  class space    used 12124K, committed 12352K, reserved 1048576K
}
Event: 15.087 GC heap after
{Heap after GC invocations=38 (full 0):
 garbage-first heap   total 167936K, used 86043K [0x0000000080000000, 0x0000000100000000)
  region size 1024K, 5 young (5120K), 5 survivors (5120K)
 Metaspace       used 94800K, committed 95360K, reserved 1138688K
  class space    used 12124K, committed 12352K, reserved 1048576K
}
Event: 15.154 GC heap before
{Heap before GC invocations=38 (full 0):
 garbage-first heap   total 167936K, used 89115K [0x0000000080000000, 0x0000000100000000)
  region size 1024K, 8 young (8192K), 5 survivors (5120K)
 Metaspace       used 95007K, committed 95616K, reserved 1138688K
  class space    used 12146K, committed 12416K, reserved 1048576K
}
Event: 15.156 GC heap after
{Heap after GC invocations=39 (full 0):
 garbage-first heap   total 167936K, used 86251K [0x0000000080000000, 0x0000000100000000)
  region size 1024K, 1 young (1024K), 1 survivors (1024K)
 Metaspace       used 95007K, committed 95616K, reserved 1138688K
  class space    used 12146K, committed 12416K, reserved 1048576K
}
Event: 16.049 GC heap before
{Heap before GC invocations=39 (full 0):
 garbage-first heap   total 167936K, used 136427K [0x0000000080000000, 0x0000000100000000)
  region size 1024K, 50 young (51200K), 1 survivors (1024K)
 Metaspace       used 98780K, committed 99328K, reserved 1138688K
  class space    used 12616K, committed 12864K, reserved 1048576K
}
Event: 16.054 GC heap after
{Heap after GC invocations=40 (full 0):
 garbage-first heap   total 167936K, used 90122K [0x0000000080000000, 0x0000000100000000)
  region size 1024K, 5 young (5120K), 5 survivors (5120K)
 Metaspace       used 98780K, committed 99328K, reserved 1138688K
  class space    used 12616K, committed 12864K, reserved 1048576K
}
Event: 17.338 GC heap before
{Heap before GC invocations=41 (full 0):
 garbage-first heap   total 167936K, used 137226K [0x0000000080000000, 0x0000000100000000)
  region size 1024K, 51 young (52224K), 5 survivors (5120K)
 Metaspace       used 104069K, committed 104704K, reserved 1146880K
  class space    used 13321K, committed 13632K, reserved 1048576K
}
Event: 17.342 GC heap after
{Heap after GC invocations=42 (full 0):
 garbage-first heap   total 167936K, used 93708K [0x0000000080000000, 0x0000000100000000)
  region size 1024K, 4 young (4096K), 4 survivors (4096K)
 Metaspace       used 104069K, committed 104704K, reserved 1146880K
  class space    used 13321K, committed 13632K, reserved 1048576K
}
Event: 17.456 GC heap before
{Heap before GC invocations=42 (full 0):
 garbage-first heap   total 167936K, used 97804K [0x0000000080000000, 0x0000000100000000)
  region size 1024K, 8 young (8192K), 4 survivors (4096K)
 Metaspace       used 105311K, committed 105984K, reserved 1146880K
  class space    used 13463K, committed 13760K, reserved 1048576K
}
Event: 17.472 GC heap after
{Heap after GC invocations=43 (full 0):
 garbage-first heap   total 167936K, used 89759K [0x0000000080000000, 0x0000000100000000)
  region size 1024K, 1 young (1024K), 1 survivors (1024K)
 Metaspace       used 105311K, committed 105984K, reserved 1146880K
  class space    used 13463K, committed 13760K, reserved 1048576K
}
Event: 18.993 GC heap before
{Heap before GC invocations=43 (full 0):
 garbage-first heap   total 167936K, used 136863K [0x0000000080000000, 0x0000000100000000)
  region size 1024K, 48 young (49152K), 1 survivors (1024K)
 Metaspace       used 108888K, committed 109568K, reserved 1146880K
  class space    used 13919K, committed 14208K, reserved 1048576K
}
Event: 18.996 GC heap after
{Heap after GC invocations=44 (full 0):
 garbage-first heap   total 248832K, used 92714K [0x0000000080000000, 0x0000000100000000)
  region size 1024K, 4 young (4096K), 4 survivors (4096K)
 Metaspace       used 108888K, committed 109568K, reserved 1146880K
  class space    used 13919K, committed 14208K, reserved 1048576K
}

Deoptimization events (20 events):
Event: 19.525 Thread 0x000001ea1af20440 DEOPT PACKING pc=0x000001ea0f6c52f8 sp=0x0000001b9c3f7290
Event: 19.525 Thread 0x000001ea1af20440 DEOPT UNPACKING pc=0x000001ea077723a3 sp=0x0000001b9c3f71a8 mode 2
Event: 19.525 Thread 0x000001ea1af20440 Uncommon trap: trap_request=0xffffffde fr.pc=0x000001ea0f4557e8 relative=0x00000000000001a8
Event: 19.525 Thread 0x000001ea1af20440 Uncommon trap: reason=class_check action=maybe_recompile pc=0x000001ea0f4557e8 method=java.io.BufferedInputStream.read1([BII)I @ 39 c2
Event: 19.525 Thread 0x000001ea1af20440 DEOPT PACKING pc=0x000001ea0f4557e8 sp=0x0000001b9c3f71f0
Event: 19.525 Thread 0x000001ea1af20440 DEOPT UNPACKING pc=0x000001ea077723a3 sp=0x0000001b9c3f7198 mode 2
Event: 19.613 Thread 0x000001ea1af20440 Uncommon trap: trap_request=0xffffffde fr.pc=0x000001ea0f4a8a6c relative=0x000000000000264c
Event: 19.613 Thread 0x000001ea1af20440 Uncommon trap: reason=class_check action=maybe_recompile pc=0x000001ea0f4a8a6c method=java.util.jar.JarFile.getManifestFromReference()Ljava/util/jar/Manifest; @ 152 c2
Event: 19.613 Thread 0x000001ea1af20440 DEOPT PACKING pc=0x000001ea0f4a8a6c sp=0x0000001b9c3f6aa0
Event: 19.613 Thread 0x000001ea1af20440 DEOPT UNPACKING pc=0x000001ea077723a3 sp=0x0000001b9c3f6a70 mode 2
Event: 19.653 Thread 0x000001ea1af20440 Uncommon trap: trap_request=0xffffff45 fr.pc=0x000001ea0f5f0e50 relative=0x0000000000000450
Event: 19.653 Thread 0x000001ea1af20440 Uncommon trap: reason=unstable_if action=reinterpret pc=0x000001ea0f5f0e50 method=org.gradle.internal.service.DefaultServiceRegistry$OwnServices.getService(Ljava/lang/reflect/Type;)Lorg/gradle/internal/service/Service; @ 27 c2
Event: 19.653 Thread 0x000001ea1af20440 DEOPT PACKING pc=0x000001ea0f5f0e50 sp=0x0000001b9c3f72f0
Event: 19.653 Thread 0x000001ea1af20440 DEOPT UNPACKING pc=0x000001ea077723a3 sp=0x0000001b9c3f7268 mode 2
Event: 19.874 Thread 0x000001ea1af20440 DEOPT PACKING pc=0x000001ea0930c9b2 sp=0x0000001b9c3f11e0
Event: 19.874 Thread 0x000001ea1af20440 DEOPT UNPACKING pc=0x000001ea07772b43 sp=0x0000001b9c3f06f0 mode 0
Event: 20.425 Thread 0x000001ea1af20440 Uncommon trap: trap_request=0xffffff45 fr.pc=0x000001ea0f4fbee0 relative=0x0000000000000240
Event: 20.425 Thread 0x000001ea1af20440 Uncommon trap: reason=unstable_if action=reinterpret pc=0x000001ea0f4fbee0 method=java.security.SecureClassLoader$CodeSourceKey.hashCode()I @ 9 c2
Event: 20.425 Thread 0x000001ea1af20440 DEOPT PACKING pc=0x000001ea0f4fbee0 sp=0x0000001b9c3f2920
Event: 20.425 Thread 0x000001ea1af20440 DEOPT UNPACKING pc=0x000001ea077723a3 sp=0x0000001b9c3f28b0 mode 2

Classes unloaded (0 events):
No events

Classes redefined (0 events):
No events

Internal exceptions (20 events):
Event: 16.642 Thread 0x000001ea1af20440 Exception <a 'java/lang/NoSuchMethodError'{0x0000000088836600}: 'int java.lang.invoke.DirectMethodHandle$Holder.invokeStaticInit(java.lang.Object)'> (0x0000000088836600) 
thrown [t:\workspace\open\src\hotspot\share\interpreter\linkResolver.cpp, line 766]
Event: 16.654 Thread 0x000001ea1af20440 Exception <a 'java/lang/NoSuchMethodError'{0x00000000888aeeb0}: 'java.lang.Object java.lang.invoke.DirectMethodHandle$Holder.newInvokeSpecial(java.lang.Object, java.lang.Object, java.lang.Object, java.lang.Object, java.lang.Object, int)'> (0x00000000888aeeb0) 
thrown [t:\workspace\open\src\hotspot\share\interpreter\linkResolver.cpp, line 766]
Event: 16.654 Thread 0x000001ea1af20440 Exception <a 'java/lang/NoSuchMethodError'{0x00000000888b4308}: 'java.lang.Object java.lang.invoke.DirectMethodHandle$Holder.invokeSpecial(java.lang.Object, java.lang.Object, java.lang.Object, java.lang.Object, java.lang.Object, java.lang.Object, int)'> (0x00000000888b4308) 
thrown [t:\workspace\open\src\hotspot\share\interpreter\linkResolver.cpp, line 766]
Event: 16.671 Thread 0x000001ea1af20440 Exception <a 'java/lang/NoSuchMethodError'{0x000000008878c748}: 'void java.lang.invoke.DirectMethodHandle$Holder.invokeStatic(java.lang.Object, java.lang.Object, java.lang.Object, int, java.lang.Object)'> (0x000000008878c748) 
thrown [t:\workspace\open\src\hotspot\share\interpreter\linkResolver.cpp, line 766]
Event: 17.256 Thread 0x000001ea1af20440 Exception <a 'sun/nio/fs/WindowsException'{0x0000000087834770}> (0x0000000087834770) 
thrown [t:\workspace\open\src\hotspot\share\prims\jni.cpp, line 516]
Event: 18.838 Thread 0x000001ea1af20440 Exception <a 'java/lang/ClassNotFoundException'{0x0000000087a9da50}: java/util/ArraysBeanInfo> (0x0000000087a9da50) 
thrown [t:\workspace\open\src\hotspot\share\classfile\systemDictionary.cpp, line 256]
Event: 18.839 Thread 0x000001ea1af20440 Exception <a 'java/lang/ClassNotFoundException'{0x0000000087aa56b8}: java/util/ArraysCustomizer> (0x0000000087aa56b8) 
thrown [t:\workspace\open\src\hotspot\share\classfile\systemDictionary.cpp, line 256]
Event: 18.848 Thread 0x000001ea1af20440 Exception <a 'java/lang/ClassNotFoundException'{0x00000000879696b0}: ProtobufPatchPluginBeanInfo> (0x00000000879696b0) 
thrown [t:\workspace\open\src\hotspot\share\classfile\systemDictionary.cpp, line 256]
Event: 18.848 Thread 0x000001ea1af20440 Exception <a 'java/lang/ClassNotFoundException'{0x00000000879742d8}: ProtobufPatchPluginCustomizer> (0x00000000879742d8) 
thrown [t:\workspace\open\src\hotspot\share\classfile\systemDictionary.cpp, line 256]
Event: 18.858 Thread 0x000001ea1af20440 Exception <a 'java/lang/ClassNotFoundException'{0x00000000879f9330}: groovy/lang/ReferenceBeanInfo> (0x00000000879f9330) 
thrown [t:\workspace\open\src\hotspot\share\classfile\systemDictionary.cpp, line 256]
Event: 18.859 Thread 0x000001ea1af20440 Exception <a 'java/lang/ClassNotFoundException'{0x0000000087822d98}: groovy/lang/ReferenceCustomizer> (0x0000000087822d98) 
thrown [t:\workspace\open\src\hotspot\share\classfile\systemDictionary.cpp, line 256]
Event: 18.872 Thread 0x000001ea1af20440 Exception <a 'java/lang/NoSuchMethodError'{0x000000008788c5b8}: 'long java.lang.invoke.DirectMethodHandle$Holder.invokeVirtual(java.lang.Object, java.lang.Object)'> (0x000000008788c5b8) 
thrown [t:\workspace\open\src\hotspot\share\interpreter\linkResolver.cpp, line 766]
Event: 18.880 Thread 0x000001ea1a60ec80 Exception <a 'java/lang/NoSuchMethodError'{0x0000000087711a78}: static Lorg/gradle/internal/build/event/types/DefaultProjectConfigurationSuccessResult;.<clinit>()V> (0x0000000087711a78) 
thrown [t:\workspace\open\src\hotspot\share\prims\jni.cpp, line 1107]
Event: 18.880 Thread 0x000001ea1a60ec80 Exception <a 'java/lang/NoSuchMethodError'{0x0000000087712fc8}: static Lorg/gradle/internal/build/event/types/AbstractProjectConfigurationResult;.<clinit>()V> (0x0000000087712fc8) 
thrown [t:\workspace\open\src\hotspot\share\prims\jni.cpp, line 1107]
Event: 18.881 Thread 0x000001ea1a60ec80 Exception <a 'java/lang/NoSuchMethodError'{0x000000008771e8e0}: static Lorg/gradle/internal/build/event/types/DefaultPluginApplicationResult;.<clinit>()V> (0x000000008771e8e0) 
thrown [t:\workspace\open\src\hotspot\share\prims\jni.cpp, line 1107]
Event: 18.882 Thread 0x000001ea1a60ec80 Exception <a 'java/lang/NoSuchMethodError'{0x000000008772aa90}: static Lorg/gradle/internal/build/event/types/DefaultBinaryPluginIdentifier;.<clinit>()V> (0x000000008772aa90) 
thrown [t:\workspace\open\src\hotspot\share\prims\jni.cpp, line 1107]
Event: 18.885 Thread 0x000001ea1a60ec80 Exception <a 'java/lang/NoSuchMethodError'{0x00000000877427b0}: static Lorg/gradle/internal/build/event/types/DefaultScriptPluginIdentifier;.<clinit>()V> (0x00000000877427b0) 
thrown [t:\workspace\open\src\hotspot\share\prims\jni.cpp, line 1107]
Event: 19.577 Thread 0x000001ea1af20440 Exception <a 'java/lang/NoSuchMethodError'{0x000000008d729680}: 'int java.lang.invoke.DirectMethodHandle$Holder.invokeInterface(java.lang.Object, java.lang.Object, java.lang.Object, java.lang.Object)'> (0x000000008d729680) 
thrown [t:\workspace\open\src\hotspot\share\interpreter\linkResolver.cpp, line 766]
Event: 20.254 Thread 0x000001ea1af20440 Exception <a 'java/lang/IncompatibleClassChangeError'{0x000000008c06ec40}: Found class java.lang.Object, but interface was expected> (0x000000008c06ec40) 
thrown [t:\workspace\open\src\hotspot\share\interpreter\linkResolver.cpp, line 833]
Event: 20.425 Thread 0x000001ea1af20440 Implicit null exception at 0x000001ea0f4fbcd4 to 0x000001ea0f4fbed4

VM Operations (20 events):
Event: 18.513 Executing VM operation: Cleanup
Event: 18.513 Executing VM operation: Cleanup done
Event: 18.815 Executing VM operation: ICBufferFull
Event: 18.815 Executing VM operation: ICBufferFull done
Event: 18.875 Executing VM operation: HandshakeAllThreads
Event: 18.876 Executing VM operation: HandshakeAllThreads done
Event: 18.986 Executing VM operation: ICBufferFull
Event: 18.987 Executing VM operation: ICBufferFull done
Event: 18.993 Executing VM operation: G1CollectForAllocation
Event: 18.996 Executing VM operation: G1CollectForAllocation done
Event: 19.395 Executing VM operation: HandshakeAllThreads
Event: 19.395 Executing VM operation: HandshakeAllThreads done
Event: 19.539 Executing VM operation: ICBufferFull
Event: 19.540 Executing VM operation: ICBufferFull done
Event: 19.567 Executing VM operation: HandshakeAllThreads
Event: 19.567 Executing VM operation: HandshakeAllThreads done
Event: 19.576 Executing VM operation: HandshakeAllThreads
Event: 19.577 Executing VM operation: HandshakeAllThreads done
Event: 20.102 Executing VM operation: HandshakeAllThreads
Event: 20.103 Executing VM operation: HandshakeAllThreads done

Events (20 events):
Event: 20.421 loading class javax/management/StandardMBean$MBeanInfoSafeAction done
Event: 20.421 loading class javax/management/NotificationListener
Event: 20.421 loading class javax/management/NotificationListener done
Event: 20.421 loading class javax/management/NotificationFilter
Event: 20.421 loading class javax/management/NotificationFilter done
Event: 20.421 loading class javax/management/ListenerNotFoundException
Event: 20.421 loading class javax/management/ListenerNotFoundException done
Event: 20.421 loading class jdk/jfr/Recording
Event: 20.422 loading class jdk/jfr/Recording done
Event: 20.422 loading class jdk/jfr/FlightRecorder
Event: 20.422 loading class jdk/jfr/FlightRecorder done
Event: 20.422 loading class jdk/management/jfr/FlightRecorderMXBeanImpl$MXBeanListener
Event: 20.422 loading class jdk/jfr/FlightRecorderListener
Event: 20.422 loading class jdk/jfr/FlightRecorderListener done
Event: 20.422 loading class jdk/management/jfr/FlightRecorderMXBeanImpl$MXBeanListener done
Event: 20.423 loading class sun/reflect/misc/MethodUtil
Event: 20.424 loading class sun/reflect/misc/MethodUtil done
Event: 20.424 loading class sun/reflect/misc/MethodUtil$1
Event: 20.424 loading class sun/reflect/misc/MethodUtil$1 done
Event: 20.427 Thread 0x000001ea2abd9fd0 Thread added: 0x000001ea2abd9fd0


Dynamic libraries:
0x00007ff6b5730000 - 0x00007ff6b573e000 	C:\Program Files\Java\jdk-17\bin\java.exe
0x00007fff58fa0000 - 0x00007fff59206000 	C:\WINDOWS\SYSTEM32\ntdll.dll
0x00007fff58080000 - 0x00007fff58149000 	C:\WINDOWS\System32\KERNEL32.DLL
0x00007fff561c0000 - 0x00007fff565be000 	C:\WINDOWS\System32\KERNELBASE.dll
0x00007fff56a20000 - 0x00007fff56b6c000 	C:\WINDOWS\System32\ucrtbase.dll
0x00007fff08950000 - 0x00007fff08968000 	C:\Program Files\Java\jdk-17\bin\jli.dll
0x00007fff26970000 - 0x00007fff2698a000 	C:\Program Files\Java\jdk-17\bin\VCRUNTIME140.dll
0x00007fff58d90000 - 0x00007fff58f57000 	C:\WINDOWS\System32\USER32.dll
0x00007fff56810000 - 0x00007fff56837000 	C:\WINDOWS\System32\win32u.dll
0x00007fff41540000 - 0x00007fff417d2000 	C:\WINDOWS\WinSxS\amd64_microsoft.windows.common-controls_6595b64144ccf1df_6.0.26100.8875_none_3e0d5d42e32fe9dd\COMCTL32.dll
0x00007fff587d0000 - 0x00007fff587fb000 	C:\WINDOWS\System32\GDI32.dll
0x00007fff58690000 - 0x00007fff58739000 	C:\WINDOWS\System32\msvcrt.dll
0x00007fff568f0000 - 0x00007fff56a1a000 	C:\WINDOWS\System32\gdi32full.dll
0x00007fff56840000 - 0x00007fff568e3000 	C:\WINDOWS\System32\msvcp_win.dll
0x00007fff58d50000 - 0x00007fff58d82000 	C:\WINDOWS\System32\IMM32.DLL
0x00007fff08940000 - 0x00007fff0894c000 	C:\Program Files\Java\jdk-17\bin\vcruntime140_1.dll
0x00007fff088b0000 - 0x00007fff0893d000 	C:\Program Files\Java\jdk-17\bin\msvcp140.dll
0x00007ffedd640000 - 0x00007ffede1fe000 	C:\Program Files\Java\jdk-17\bin\server\jvm.dll
0x00007fff57680000 - 0x00007fff57737000 	C:\WINDOWS\System32\ADVAPI32.dll
0x00007fff56f50000 - 0x00007fff56ffa000 	C:\WINDOWS\System32\sechost.dll
0x00007fff57f60000 - 0x00007fff58078000 	C:\WINDOWS\System32\RPCRT4.dll
0x00007fff56d30000 - 0x00007fff56d38000 	C:\WINDOWS\System32\PSAPI.DLL
0x00007fff088a0000 - 0x00007fff088aa000 	C:\WINDOWS\SYSTEM32\WSOCK32.dll
0x00007fff58440000 - 0x00007fff584c0000 	C:\WINDOWS\System32\WS2_32.dll
0x00007fff4fcb0000 - 0x00007fff4fce6000 	C:\WINDOWS\SYSTEM32\WINMM.dll
0x00007fff4fcf0000 - 0x00007fff4fcfb000 	C:\WINDOWS\SYSTEM32\VERSION.dll
0x00007fff54ea0000 - 0x00007fff54ebb000 	C:\WINDOWS\SYSTEM32\kernel.appcore.dll
0x00007fff08890000 - 0x00007fff0889a000 	C:\Program Files\Java\jdk-17\bin\jimage.dll
0x00007fff4a090000 - 0x00007fff4a2d2000 	C:\WINDOWS\SYSTEM32\DBGHELP.DLL
0x00007fff58800000 - 0x00007fff58b83000 	C:\WINDOWS\System32\combase.dll
0x00007fff57010000 - 0x00007fff570e9000 	C:\WINDOWS\System32\OLEAUT32.dll
0x00007fff2f100000 - 0x00007fff2f13b000 	C:\WINDOWS\SYSTEM32\dbgcore.DLL
0x00007fff56c10000 - 0x00007fff56cbc000 	C:\WINDOWS\System32\bcryptPrimitives.dll
0x00007fff08860000 - 0x00007fff08885000 	C:\Program Files\Java\jdk-17\bin\java.dll
0x00007fff08780000 - 0x00007fff08856000 	C:\Program Files\Java\jdk-17\bin\svml.dll
0x00007fff57740000 - 0x00007fff57ed2000 	C:\WINDOWS\System32\SHELL32.dll
0x00007fff53c80000 - 0x00007fff54512000 	C:\WINDOWS\SYSTEM32\windows.storage.dll
0x00007fff582c0000 - 0x00007fff583b7000 	C:\WINDOWS\System32\SHCORE.dll
0x00007fff58620000 - 0x00007fff58687000 	C:\WINDOWS\System32\shlwapi.dll
0x00007fff560e0000 - 0x00007fff56109000 	C:\WINDOWS\SYSTEM32\profapi.dll
0x00007fff08760000 - 0x00007fff08779000 	C:\Program Files\Java\jdk-17\bin\net.dll
0x00007fff50150000 - 0x00007fff50277000 	C:\WINDOWS\SYSTEM32\WINHTTP.dll
0x00007fff55450000 - 0x00007fff554bc000 	C:\WINDOWS\system32\mswsock.dll
0x00007fff08740000 - 0x00007fff08755000 	C:\Program Files\Java\jdk-17\bin\nio.dll
0x00007fff08720000 - 0x00007fff08738000 	C:\Program Files\Java\jdk-17\bin\zip.dll
0x00007fff08710000 - 0x00007fff08720000 	C:\Program Files\Java\jdk-17\bin\verify.dll
0x00007ffef2250000 - 0x00007ffef2277000 	C:\Users\admin\.gradle\native\68d5fa5c4cc2d200863cafc0d521ce42e7d3e7ee720ec0a83991735586a16f82\windows-amd64\native-platform.dll
0x00007ffdf2e00000 - 0x00007ffdf2f44000 	C:\Users\admin\.gradle\native\e376f236ea51e6404a007f0833ffe2c6e607c4080706a723a18a27aeea778392\windows-amd64\native-platform-file-events.dll
0x00007fff08700000 - 0x00007fff08709000 	C:\Program Files\Java\jdk-17\bin\management.dll
0x00007fff086f0000 - 0x00007fff086fb000 	C:\Program Files\Java\jdk-17\bin\management_ext.dll
0x00007fff55750000 - 0x00007fff5576b000 	C:\WINDOWS\SYSTEM32\CRYPTSP.dll
0x00007fff54e00000 - 0x00007fff54e39000 	C:\WINDOWS\system32\rsaenh.dll
0x00007fff55510000 - 0x00007fff55542000 	C:\WINDOWS\SYSTEM32\USERENV.dll
0x00007fff560b0000 - 0x00007fff560da000 	C:\WINDOWS\SYSTEM32\bcrypt.dll
0x00007fff55770000 - 0x00007fff5577c000 	C:\WINDOWS\SYSTEM32\CRYPTBASE.dll
0x00007fff54920000 - 0x00007fff54953000 	C:\WINDOWS\SYSTEM32\IPHLPAPI.DLL
0x00007fff58430000 - 0x00007fff5843a000 	C:\WINDOWS\System32\NSI.dll
0x00007fff50370000 - 0x00007fff5038d000 	C:\WINDOWS\SYSTEM32\dhcpcsvc6.DLL
0x00007fff502a0000 - 0x00007fff502c5000 	C:\WINDOWS\SYSTEM32\dhcpcsvc.DLL
0x00007fff54960000 - 0x00007fff54ab6000 	C:\WINDOWS\SYSTEM32\DNSAPI.dll
0x00007fff55250000 - 0x00007fff5525d000 	C:\WINDOWS\SYSTEM32\DSPARSE.dll
0x00007fff086e0000 - 0x00007fff086ee000 	C:\Program Files\Java\jdk-17\bin\sunmscapi.dll
0x00007fff565d0000 - 0x00007fff56748000 	C:\WINDOWS\System32\CRYPT32.dll
0x00007fff55990000 - 0x00007fff559c0000 	C:\WINDOWS\SYSTEM32\ncrypt.dll
0x00007fff55940000 - 0x00007fff5597f000 	C:\WINDOWS\SYSTEM32\NTASN1.dll
0x00007fff1b770000 - 0x00007fff1b778000 	C:\WINDOWS\system32\wshunix.dll
0x00007fff4d980000 - 0x00007fff4d98b000 	C:\Windows\System32\rasadhlp.dll
0x00007fff50be0000 - 0x00007fff50c66000 	C:\WINDOWS\System32\fwpuclnt.dll

dbghelp: loaded successfully - version: 4.0.5 - missing functions: none
symbol engine: initialized successfully - sym options: 0x614 - pdb path: .;C:\Program Files\Java\jdk-17\bin;C:\WINDOWS\SYSTEM32;C:\WINDOWS\WinSxS\amd64_microsoft.windows.common-controls_6595b64144ccf1df_6.0.26100.8875_none_3e0d5d42e32fe9dd;C:\Program Files\Java\jdk-17\bin\server;C:\Users\admin\.gradle\native\68d5fa5c4cc2d200863cafc0d521ce42e7d3e7ee720ec0a83991735586a16f82\windows-amd64;C:\Users\admin\.gradle\native\e376f236ea51e6404a007f0833ffe2c6e607c4080706a723a18a27aeea778392\windows-amd64

VM Arguments:
jvm_args: --add-opens=java.base/java.util=ALL-UNNAMED --add-opens=java.base/java.lang=ALL-UNNAMED --add-opens=java.base/java.lang.invoke=ALL-UNNAMED --add-opens=java.prefs/java.util.prefs=ALL-UNNAMED --add-opens=java.base/java.nio.charset=ALL-UNNAMED --add-opens=java.base/java.net=ALL-UNNAMED --add-opens=java.base/java.util.concurrent.atomic=ALL-UNNAMED -Xmx2048m -Dfile.encoding=UTF-8 -Duser.country=US -Duser.language=en -Duser.variant 
java_command: org.gradle.launcher.daemon.bootstrap.GradleDaemon 8.0
java_class_path (initial): C:\Users\admin\.gradle\wrapper\dists\gradle-8.0-bin\ca5e32bp14vu59qr306oxotwh\gradle-8.0\lib\gradle-launcher-8.0.jar
Launcher Type: SUN_STANDARD

[Global flags]
     intx CICompilerCount                          = 12                                        {product} {ergonomic}
     uint ConcGCThreads                            = 3                                         {product} {ergonomic}
     uint G1ConcRefinementThreads                  = 13                                        {product} {ergonomic}
   size_t G1HeapRegionSize                         = 1048576                                   {product} {ergonomic}
    uintx GCDrainStackTargetSize                   = 64                                        {product} {ergonomic}
   size_t InitialHeapSize                          = 257949696                                 {product} {ergonomic}
   size_t MarkStackSize                            = 4194304                                   {product} {ergonomic}
   size_t MaxHeapSize                              = 2147483648                                {product} {command line}
   size_t MaxNewSize                               = 1287651328                                {product} {ergonomic}
   size_t MinHeapDeltaBytes                        = 1048576                                   {product} {ergonomic}
   size_t MinHeapSize                              = 8388608                                   {product} {ergonomic}
    uintx NonNMethodCodeHeapSize                   = 7602480                                {pd product} {ergonomic}
    uintx NonProfiledCodeHeapSize                  = 122027880                              {pd product} {ergonomic}
    uintx ProfiledCodeHeapSize                     = 122027880                              {pd product} {ergonomic}
    uintx ReservedCodeCacheSize                    = 251658240                              {pd product} {ergonomic}
     bool SegmentedCodeCache                       = true                                      {product} {ergonomic}
   size_t SoftMaxHeapSize                          = 2147483648                             {manageable} {ergonomic}
     bool UseCompressedClassPointers               = true                           {product lp64_product} {ergonomic}
     bool UseCompressedOops                        = true                           {product lp64_product} {ergonomic}
     bool UseG1GC                                  = true                                      {product} {ergonomic}
     bool UseLargePagesIndividualAllocation        = false                                  {pd product} {ergonomic}

Logging:
Log output configuration:
 #0: stdout all=warning uptime,level,tags
 #1: stderr all=off uptime,level,tags

Environment Variables:
JAVA_HOME=C:\Program Files\Java\jdk-17
PATH=C:\Users\admin\AppData\Local\Programs\Python\Python311;C:\Users\admin\AppData\Local\Programs\Python\Python311\Scripts;C:\Users\admin\AppData\Local\Android\Sdk\platform-tools;C:\ProgramData\chocolatey\bin;C:\Users\admin\AppData\Local\nvm;C:\nvm4w\nodejs;C:\Program Files\dotnet\;C:\WINDOWS\system32;C:\WINDOWS;C:\WINDOWS\System32\Wbem;C:\WINDOWS\System32\WindowsPowerShell\v1.0\;C:\WINDOWS\System32\OpenSSH\;C:\Users\admin\AppData\Local\Programs\Python\Python311\Scripts\;C:\Users\admin\AppData\Local\Programs\Python\Python311\;C:\Users\admin\AppData\Local\Programs\Python\Python310\Scripts\;C:\Users\admin\AppData\Local\Programs\Python\Python310\;C:\Program Files\Git\bin;C:\Program Files\Java\jdk-17\bin;C:\Users\admin\AppData\Local\Microsoft\WindowsApps;C:\Users\admin\AppData\Local\Programs\Microsoft VS Code\bin;C:\msys64\ucrt64\bin;C:\Users\admin\AppData\Local\Programs\cursor\resources\app\bin;C:\Windows\System32;C:\Users\admin\AppData\Local\nvm;C:\nvm4w\nodejs;C:\Users\admin\AppData\Local\Programs\Antigravity\bin
USERNAME=admin
OS=Windows_NT
PROCESSOR_IDENTIFIER=AMD64 Family 25 Model 80 Stepping 0, AuthenticAMD



---------------  S Y S T E M  ---------------

OS:
 Windows 10 , 64 bit Build 26100 (10.0.26100.8875)
OS uptime: 4 days 1:14 hours

CPU: total 16 (initial active 16) (16 cores per cpu, 2 threads per core) family 25 model 80 stepping 0 microcode 0xa500011, cx8, cmov, fxsr, ht, mmx, 3dnowpref, sse, sse2, sse3, ssse3, sse4a, sse4.1, sse4.2, popcnt, lzcnt, tsc, tscinvbit, avx, avx2, aes, erms, clmul, bmi1, bmi2, adx, sha, fma, vzeroupper, clflush, clflushopt

Memory: 4k page, system-wide physical 15720M (197M free)
TotalPageFile size 44859M (AvailPageFile size 26M)
current process WorkingSet (physical memory assigned to process): 508M, peak: 511M
current process commit charge ("private bytes"): 587M, peak: 598M

vm_info: OpenJDK 64-Bit Server VM (17+35-2724) for windows-amd64 JRE (17+35-2724), built on Aug  5 2021 23:26:02 by "mach5one" with MS VC++ 16.8 (VS2019)

END.
